strain,sex,animal_id,bw,body_length,body_size,body_type,FATmass_Xhead,LEANmass_Xhead,SOFTmass_Xhead,BMD_Xhead,bone_area_Xhead,bone_mass_Xhead,BMD_wholebody,FATmass_wholebody,LEANmass_wholebody,SOFTmass_wholebody,bone_area_wholebody,bone_mass_wholebody,lumbar_num
129S1/SvImJ,f,30250371,23,9.7,2,2,2.086,15.582,17.668,0.056,7.956,0.443,0.069,2.395,17.891,20.286,10.131,0.697,6
129S1/SvImJ,f,30250373,21.9,9.3,2,2,3.027,13.914,16.941,0.054,8.36,0.452,0.067,3.479,15.998,19.477,10.546,0.705,6
129S1/SvImJ,f,30250374,20.3,9.3,2,2,2.54,12.48,15.02,0.056,7.397,0.417,0.068,2.982,14.646,17.628,9.598,0.657,6
129S1/SvImJ,f,30250377,22.6,9.9,2,2,1.193,16.067,17.26,0.054,7.027,0.381,0.067,1.378,18.558,19.936,9.258,0.624,6
129S1/SvImJ,f,30260209,24.5,9.6,2,2,3.543,15.419,18.962,0.061,8.107,0.492,0.074,4.036,17.564,21.6,10.295,0.762,6
129S1/SvImJ,f,30260210,22.4,9.4,2,2,2.707,14.918,17.625,0.078,4.791,0.373,0.091,3.129,17.244,20.373,6.826,0.618,6
129S1/SvImJ,f,30260211,25.7,9.7,2,2,1.746,18.511,20.257,0.059,7.917,0.468,0.073,1.978,20.982,22.96,10.001,0.726,6
129S1/SvImJ,f,30260212,24.8,9.5,2,2,0.228,19.167,19.395,0.06,5.616,0.338,0.075,0.261,21.87,22.131,7.634,0.569,6
129S1/SvImJ,f,30270554,23.3,9.5,2,3,3.621,14.385,18.006,0.056,7.478,0.422,0.07,4.147,16.48,20.627,9.75,0.678,6
129S1/SvImJ,f,30270555,21.7,9.3,2,3,1.237,15.372,16.609,0.051,6.624,0.335,0.063,1.441,17.914,19.355,8.819,0.558,6
129S1/SvImJ,f,30270556,23.9,9.6,2,3,2.83,15.913,18.743,0.054,7.357,0.396,0.067,3.245,18.253,21.498,9.57,0.638,6
129S1/SvImJ,f,30270557,23.3,9.4,2,3,1.014,17.403,18.417,0.059,5.091,0.302,0.073,1.166,19.993,21.159,7.216,0.525,6
129S1/SvImJ,f,30280250,23,9.7,2,3,1.422,16.561,17.983,0.054,7.086,0.383,0.067,1.649,19.201,20.85,9.2,0.618,6
129S1/SvImJ,f,30280251,21.8,9.6,2,3,,17.406,16.804,0.08,2.207,0.177,0.1,,20.155,19.457,3.987,0.398,6
129S1/SvImJ,f,30280252,19,9,1,3,0.992,13.336,14.328,0.049,6.497,0.316,0.062,1.168,15.712,16.88,8.653,0.537,6
129S1/SvImJ,f,30280253,21.2,9.4,2,3,2.003,14.142,16.145,0.053,6.713,0.358,0.068,2.328,16.438,18.766,8.806,0.599,6
129S1/SvImJ,m,30250370,29.9,9.8,2,3,5.926,17.596,23.522,0.06,9.85,0.595,0.073,6.775,20.119,26.894,12.26,0.896,6
129S1/SvImJ,m,30250372,30.9,9.8,2,3,5.788,18.828,24.616,0.062,10.721,0.666,0.072,6.58,21.402,27.982,13.086,0.948,6
129S1/SvImJ,m,30250375,33.7,10,2,3,6.93,19.872,26.802,0.062,10.456,0.653,0.075,7.843,22.487,30.33,12.939,0.973,5
129S1/SvImJ,m,30250376,31.7,9.9,2,3,6.156,19.537,25.693,0.06,10.777,0.651,0.071,6.917,21.953,28.87,13.119,0.931,6
129S1/SvImJ,m,30260206,28.4,9.6,2,3,7.023,15.562,22.585,0.06,9.506,0.57,0.072,8.044,17.825,25.869,11.836,0.855,6
129S1/SvImJ,m,30260207,29.2,9.5,2,3,7.511,15.504,23.015,0.06,8.569,0.517,0.074,8.559,17.668,26.227,10.841,0.805,6
129S1/SvImJ,m,30260208,29.7,9.9,2,2,5.735,17.824,23.559,0.057,9.635,0.552,0.069,6.457,20.07,26.527,11.927,0.821,6
129S1/SvImJ,m,30270558,27.2,9.8,2,3,2.59,19.297,21.887,0.062,4.515,0.281,0.078,2.946,21.958,24.904,6.608,0.516,6
129S1/SvImJ,m,30270559,24.8,9.5,2,3,4.005,15.579,19.584,0.058,6.291,0.368,0.073,4.619,17.971,22.59,8.487,0.618,5
129S1/SvImJ,m,30270560,25.1,9.8,2,3,4.221,15.004,19.225,0.05,8.838,0.445,0.063,4.847,17.227,22.074,10.947,0.691,6
129S1/SvImJ,m,30270561,25.2,9.5,2,3,2.133,19.805,21.938,0.075,6.417,0.484,0.057,1.847,17.15,18.997,4.293,0.246,5
129S1/SvImJ,m,30270562,24.6,9.6,2,3,1.347,17.935,19.282,0.06,3.473,0.21,0.079,1.56,20.777,22.337,5.43,0.427,6
129S1/SvImJ,m,30280246,26.3,9.5,2,3,3.47,17.732,21.202,0.067,4.32,0.288,0.083,3.956,20.21,24.166,6.384,0.53,6
129S1/SvImJ,m,30280247,25.1,9.6,2,3,1.404,18.93,20.334,0.064,3.612,0.232,0.08,1.61,21.712,23.322,5.669,0.452,6
129S1/SvImJ,m,30280248,25.6,9.6,2,3,4.025,16.693,20.718,0.053,7.436,0.397,0.066,4.639,19.239,23.878,9.628,0.637,5
129S1/SvImJ,m,30280249,25,9.5,2,3,1.915,17.974,19.889,0.061,4.262,0.261,0.078,2.193,20.578,22.771,6.305,0.493,5
A/J,f,30250366,22.9,8.9,1,3,2.868,14.709,17.577,0.05,4.757,0.239,0.062,3.281,16.822,20.103,6.797,0.421,5
A/J,f,30250367,23.3,8.9,1,3,3.997,13.963,17.96,0.047,9.015,0.428,0.056,4.507,15.746,20.253,11.187,0.632,5
A/J,f,30250368,20.9,8.8,1,3,1.616,14.717,16.333,0.057,3.393,0.192,0.07,1.824,16.603,18.427,5.211,0.365,6
A/J,f,30250369,20.3,8.7,1,3,0.968,14.786,15.754,0.055,2.851,0.157,0.071,1.101,16.802,17.903,4.736,0.336,5
A/J,f,30260202,22.5,9.1,1,3,3.188,14.49,17.678,0.056,4.266,0.239,0.069,3.59,16.315,19.905,6.22,0.429,6
A/J,f,30260203,21.1,8.7,1,3,0.415,16.407,16.822,0.056,3.351,0.189,0.069,0.469,18.597,19.066,5.229,0.361,6
A/J,f,30260204,19.4,8.4,1,3,1.78,13.254,15.034,0.05,4.137,0.207,0.064,2.064,15.369,17.433,6.046,0.389,6
A/J,f,30260205,22.6,8.9,1,3,4.981,12.686,17.667,0.048,7.539,0.361,0.059,5.675,14.452,20.127,9.668,0.566,6
A/J,f,30270575,18.3,8.8,1,3,,15.778,15.163,0.055,2.941,0.162,0.069,,17.887,17.19,4.608,0.319,5
A/J,f,30270576,20.6,9,1,3,2.45,13.909,16.359,0.049,6.019,0.293,0.059,2.779,15.774,18.553,8.032,0.473,5
A/J,f,30270577,21.5,9.3,2,3,3.268,15.704,18.972,0.06,8.531,0.508,0.049,2.856,13.726,16.582,6.435,0.316,5
A/J,f,30270578,20.3,9,1,4,3.035,12.978,16.013,0.052,4.438,0.232,0.064,3.436,14.688,18.124,6.294,0.404,5
A/J,f,30280285,21.1,9.1,1,3,3.459,12.667,16.126,0.047,7.436,0.347,0.057,3.957,14.484,18.441,9.574,0.546,6
A/J,f,30280286,20.9,9,1,3,4.475,11.809,16.284,0.048,7.661,0.366,0.058,5.111,13.488,18.599,9.769,0.564,6
A/J,f,30280287,21.8,9.3,2,3,2.315,14.622,16.937,0.04,8.179,0.331,0.05,2.693,17.006,19.699,10.436,0.52,6
A/J,f,30280288,21,9,1,3,1.527,15.426,16.953,0.052,3.825,0.2,0.065,1.739,17.577,19.316,5.605,0.367,6
A/J,m,30250362,27.2,9.4,2,4,4.227,17.55,21.777,0.058,4.103,0.236,0.07,4.741,19.684,24.425,6.023,0.42,5
A/J,m,30250363,25.7,9.6,2,3,6.21,13.851,20.061,0.05,8.043,0.402,0.06,6.943,15.487,22.43,10.165,0.61,5
A/J,m,30250364,26.3,9.4,2,3,1.587,19.348,20.935,0.055,3.946,0.218,0.067,1.793,21.864,23.657,5.947,0.4,5
A/J,m,30250365,23.7,9,1,3,4.302,14.144,18.446,0.047,6.467,0.307,0.058,4.89,16.076,20.966,8.607,0.501,5
A/J,m,30260198,25.4,9.3,2,3,4.94,15.027,19.967,0.047,8.852,0.416,0.056,5.629,17.123,22.752,11.161,0.626,6
A/J,m,30260199,26.4,9.4,2,3,2.256,18.85,21.106,0.057,3.441,0.196,0.07,2.544,21.251,23.795,5.308,0.371,6
A/J,m,30260200,23,9.2,1,3,0.294,18.128,18.422,0.055,2.896,0.159,0.07,0.335,20.645,20.98,4.472,0.313,6
A/J,m,30260201,24.3,9.3,1,3,0.896,18.672,19.568,0.055,3.284,0.182,0.071,1.009,21.039,22.048,4.964,0.352,6
A/J,m,30270579,25.3,9.3,2,3,,22.189,20.455,0.053,4.028,0.213,0.065,,25.351,23.37,5.714,0.373,5
A/J,m,30270580,23.5,9.3,2,3,,19.887,18.634,0.053,3.731,0.197,0.065,,22.327,20.92,5.5,0.36,6
A/J,m,30270581,26.3,9.4,2,3,1.33,20.154,21.484,0.056,3.88,0.217,0.069,1.512,22.925,24.437,5.841,0.403,5
A/J,m,30270582,24.6,9.4,2,3,1.995,17.625,19.62,0.043,9.367,0.405,0.052,2.276,20.103,22.379,11.594,0.601,5
A/J,m,30280281,24.8,9.4,2,3,1.832,18.236,20.068,0.054,4.547,0.244,0.065,2.064,20.538,22.602,6.542,0.424,6
A/J,m,30280282,24.9,9.5,2,3,1.895,17.964,19.859,0.055,3.362,0.185,0.07,2.149,20.377,22.526,5.188,0.362,6
A/J,m,30280283,28.4,9.8,2,3,5.476,17.763,23.239,0.049,9.264,0.451,0.058,6.209,20.144,26.353,11.589,0.667,6
A/J,m,30280284,26.6,9.4,2,3,4.87,16.159,21.029,0.045,8.356,0.378,0.055,5.566,18.469,24.035,10.528,0.584,6
C57BL/6J,f,30250378,23,9.3,2,3,2.865,14.91,17.775,0.048,8.84,0.42,0.058,3.298,17.163,20.461,11.123,0.645,6
C57BL/6J,f,30250379,21.3,9.2,1,3,1.334,14.941,16.275,0.043,7.502,0.32,0.055,1.539,17.232,18.771,9.741,0.54,6
C57BL/6J,f,30250380,20.9,8.9,1,3,1.92,13.826,15.746,0.045,6.878,0.312,0.058,2.213,15.939,18.152,9.05,0.526,6
C57BL/6J,f,30250381,22.1,9.2,1,3,0.048,16.849,16.897,0.05,6.703,0.337,0.062,0.054,19.283,19.337,8.719,0.542,6
C57BL/6J,f,30260217,23.5,9.5,2,3,1.584,16.407,17.991,0.056,5.818,0.324,0.069,1.822,18.883,20.705,8.016,0.555,6
C57BL/6J,f,30260218,25.2,9.5,2,3,0.931,18.989,19.92,0.057,4.287,0.246,0.073,1.057,21.573,22.63,6.297,0.461,6
C57BL/6J,f,30260219,21.8,9.3,2,3,,18.353,16.948,0.062,2.517,0.157,0.079,,20.986,19.38,4.341,0.344,6
C57BL/6J,f,30260220,20.8,9.1,1,3,1.384,14.455,15.839,0.046,6.907,0.32,0.058,1.596,16.663,18.259,9.037,0.527,6
C57BL/6J,f,30270612,21.3,9,1,3,1.226,15.03,16.256,0.044,6.886,0.301,0.056,1.438,17.618,19.056,9.21,0.513,6
C57BL/6J,f,30270613,24.5,9.3,2,3,1.645,17.484,19.129,0.047,7.813,0.366,0.059,1.902,20.209,22.111,10.227,0.603,6
C57BL/6J,f,30270614,23.9,9.2,1,3,,19.092,18.747,0.059,2.882,0.169,0.075,,21.93,21.534,4.925,0.371,6
C57BL/6J,f,30270615,21.1,9,1,3,,16.76,16.457,0.055,3.254,0.18,0.07,,19.377,19.025,5.271,0.369,6
C57BL/6J,f,30280242,21.9,9.3,2,3,,17.986,17.281,0.053,3.779,0.202,0.068,,20.7,19.888,5.756,0.389,6
C57BL/6J,f,30280243,22.1,9.2,1,3,,18.804,17.261,0.057,3.067,0.174,0.073,,21.838,20.047,4.8,0.35,6
C57BL/6J,f,30280244,21.9,9.1,1,3,1.924,15.336,17.26,0.047,7.34,0.344,0.059,2.196,17.502,19.698,9.522,0.565,6
C57BL/6J,f,30280245,24.9,9.5,2,3,3.005,16.578,19.583,0.047,9.09,0.429,0.058,3.434,18.943,22.377,11.534,0.664,6
C57BL/6J,m,30250382,30.5,9.5,2,3,2.447,21.961,24.408,0.049,9.764,0.476,0.058,2.741,24.596,27.337,12.154,0.707,6
C57BL/6J,m,30250383,31.2,9.4,2,3,3.121,21.996,25.117,0.049,9.244,0.455,0.06,3.521,24.812,28.333,11.506,0.689,6
C57BL/6J,m,30250384,33,9.5,2,3,6.298,20.71,27.008,0.052,11.272,0.588,0.062,7.013,23.064,30.077,13.666,0.846,6
C57BL/6J,m,30250385,28.7,9.7,2,3,2.582,20.172,22.754,0.042,10.111,0.424,0.051,2.919,22.804,25.723,12.468,0.639,6
C57BL/6J,m,30260213,30.8,9.5,2,3,,25.472,24.822,0.06,4.609,0.277,0.073,,28.801,28.066,6.62,0.484,6
C57BL/6J,m,30260214,31.4,9.4,2,3,6.107,18.585,24.692,0.052,9.884,0.516,0.063,6.912,21.037,27.949,12.314,0.775,6
C57BL/6J,m,30260215,28.9,9.4,2,3,1.743,21.635,23.378,0.053,6.818,0.358,0.064,1.964,24.38,26.344,8.824,0.565,6
C57BL/6J,m,30260216,31.3,9.4,2,3,3.109,22.621,25.73,0.045,10.329,0.466,0.054,3.495,25.425,28.92,12.813,0.695,6
C57BL/6J,m,30270608,32.2,9.8,2,3,0.975,25.3,26.275,0.052,7.369,0.386,0.063,1.105,28.661,29.766,9.658,0.608,6
C57BL/6J,m,30270609,32.4,9.6,2,3,3.653,22.745,26.398,0.048,10.176,0.485,0.058,4.126,25.692,29.818,12.62,0.73,6
C57BL/6J,m,30270610,32.5,9.7,2,3,2.905,23.834,26.739,0.048,9.23,0.445,0.059,3.248,26.646,29.894,11.508,0.678,6
C57BL/6J,m,30270611,28.7,9.3,2,3,3.704,19.979,23.683,0.049,7.837,0.381,0.06,4.185,22.573,26.758,10.149,0.613,6
C57BL/6J,m,30280238,29.6,9.7,2,3,3.196,20.653,23.849,0.047,8.943,0.416,0.057,3.656,23.625,27.281,11.366,0.647,6
C57BL/6J,m,30280239,30.7,9.7,2,3,1.283,24.453,25.736,0.042,10.424,0.442,0.05,1.432,27.29,28.722,12.657,0.639,6
C57BL/6J,m,30280240,28.6,9.5,2,3,1.868,21.639,23.507,0.045,8.929,0.404,0.055,2.12,24.552,26.672,11.241,0.618,6
C57BL/6J,m,30280241,28.3,9.6,2,3,1.367,22.077,23.444,0.049,7.752,0.38,0.058,1.55,25.03,26.58,9.986,0.579,6
CAST/EiJ,f,30250355,12.9,,1,2,,,,,,,,,,,,,6
CAST/EiJ,f,30250356,12.8,,1,2,,,,,,,,,,,,,6
CAST/EiJ,f,30250357,12.8,,1,2,,,,,,,,,,,,,6
CAST/EiJ,f,30250360,14,,1,2,,,,,,,,,,,,,6
CAST/EiJ,f,30250361,15.3,,1,2,,,,,,,,,,,,,6
CAST/EiJ,f,30260175,14.5,,2,3,,,,,,,,,,,,,6
CAST/EiJ,f,30260176,16.2,,2,3,,,,,,,,,,,,,6
CAST/EiJ,f,30260177,14.6,,2,3,,,,,,,,,,,,,6
CAST/EiJ,f,30260178,15,,2,3,,,,,,,,,,,,,6
CAST/EiJ,m,30250352,15.9,,1,2,,,,,,,,,,,,,6
CAST/EiJ,m,30250353,17.5,,1,3,,,,,,,,,,,,,6
CAST/EiJ,m,30250358,18.4,8.2,1,2,1.438,12.462,13.9,0.05,4.122,0.207,0.059,1.661,14.389,16.05,5.842,0.345,6
CAST/EiJ,m,30250359,17.9,,1,2,,,,,,,,,,,,,6
CAST/EiJ,m,30260171,18.3,8.3,2,3,0.592,14.599,15.191,0.052,4.16,0.216,0.06,0.675,16.624,17.299,5.835,0.352,6
CAST/EiJ,m,30260172,18.8,8.1,2,3,0.694,13.735,14.429,0.054,3.288,0.177,0.063,0.808,15.996,16.804,4.965,0.315,6
CAST/EiJ,m,30260173,19.6,8.2,2,3,,14.819,14.401,0.049,3.59,0.177,0.058,,17.002,16.523,5.4,0.312,6
NOD/ShiLtJ,f,30250323,24,9.9,2,3,,19.054,18.668,0.045,8.676,0.391,0.055,,21.507,21.072,10.903,0.597,6
NOD/ShiLtJ,f,30250324,24.2,9.4,2,3,0.482,18.469,18.951,0.044,8.01,0.354,0.053,0.551,21.115,21.666,10.288,0.546,6
NOD/ShiLtJ,f,30250327,25,9.7,2,3,1.436,17.968,19.404,0.047,8.467,0.402,0.056,1.636,20.472,22.108,10.767,0.605,6
NOD/ShiLtJ,f,30250328,25.8,9.6,2,3,,21.489,20.772,0.044,8.471,0.373,0.053,,24.244,23.435,10.684,0.562,6
NOD/ShiLtJ,f,30260232,25.8,9.7,2,3,2.675,17.917,20.592,0.05,9.109,0.457,0.06,3.035,20.334,23.369,11.322,0.682,6
NOD/ShiLtJ,f,30260233,20.8,9.3,2,3,,17.574,15.826,0.051,4.588,0.235,0.064,,19.901,17.921,6.551,0.418,6
NOD/ShiLtJ,f,30260234,27.9,10.1,2,3,2.912,18.983,21.895,0.05,9.798,0.494,0.058,3.346,21.807,25.153,12.143,0.709,6
NOD/ShiLtJ,f,30260235,21.7,9.6,2,3,0.835,15.273,16.108,0.051,7.921,0.402,0.059,0.998,18.249,19.247,10.279,0.603,6
NOD/ShiLtJ,f,30270587,23.2,9.3,2,3,0.638,17.357,17.995,0.049,7.398,0.365,0.058,0.735,20.013,20.748,9.724,0.564,6
NOD/ShiLtJ,f,30270588,25.7,9.8,2,3,3.895,15.942,19.837,0.049,9.098,0.45,0.059,4.457,18.244,22.701,11.507,0.679,6
NOD/ShiLtJ,f,30270589,23.2,9.7,2,3,1.354,16.439,17.793,0.046,8.68,0.401,0.055,1.566,18.997,20.563,11.116,0.608,6
NOD/ShiLtJ,f,30270590,18.1,9.2,1,3,,14.504,13.979,0.042,6.902,0.292,0.052,,16.557,15.959,9.03,0.473,6
NOD/ShiLtJ,f,30280275,24.5,9.7,2,2,0.514,18.855,19.369,0.046,8.679,0.402,0.055,0.587,21.53,22.117,10.999,0.608,6
NOD/ShiLtJ,f,30280276,26.9,9.5,2,2,,23.192,22.186,0.042,8.299,0.348,0.051,,25.858,24.736,10.532,0.538,6
NOD/ShiLtJ,f,30280277,27.8,9.9,2,2,1.783,20.215,21.998,0.051,8.994,0.459,0.059,2.028,22.999,25.027,11.306,0.67,6
NOD/ShiLtJ,f,30280278,25.3,9.7,2,2,0.49,19.185,19.675,0.044,8.508,0.373,0.053,0.565,22.104,22.669,10.933,0.578,6
NOD/ShiLtJ,f,30280279,25.4,9.6,2,2,,20.769,20.505,0.044,8.797,0.386,0.054,,23.304,23.008,10.978,0.595,6
NOD/ShiLtJ,f,30280280,26,10.1,2,2,0.744,20.154,20.898,0.052,8.549,0.441,0.06,0.843,22.849,23.692,10.745,0.642,6
NOD/ShiLtJ,m,30250321,35.3,9.8,2,3,2.591,26.17,28.761,0.051,10.413,0.534,0.06,2.919,29.482,32.401,12.724,0.767,6
NOD/ShiLtJ,m,30250322,32.5,9.8,2,3,1.643,24.441,26.084,0.05,9.865,0.493,0.058,1.869,27.802,29.671,12.242,0.715,6
NOD/ShiLtJ,m,30250325,29.9,9.7,2,3,1.069,23.031,24.1,0.046,9.009,0.413,0.055,1.204,25.938,27.142,11.296,0.621,6
NOD/ShiLtJ,m,30250326,29.6,9.6,2,3,1.355,22.49,23.845,0.047,8.965,0.418,0.055,1.524,25.297,26.821,11.169,0.614,6
NOD/ShiLtJ,m,30260228,32,9.7,2,3,2.277,23.014,25.291,0.052,11.12,0.579,0.06,2.608,26.353,28.961,13.511,0.809,6
NOD/ShiLtJ,m,30260229,30.4,9.5,2,3,1.204,22.722,23.926,0.058,5.426,0.315,0.069,1.395,26.307,27.702,7.69,0.53,6
NOD/ShiLtJ,m,30260230,30.5,10.1,2,3,3.674,19.979,23.653,0.05,11.562,0.582,0.058,4.162,22.64,26.802,13.932,0.814,6
NOD/ShiLtJ,m,30260231,30.1,9.8,2,3,0.346,23.12,23.466,0.057,5.508,0.314,0.067,0.4,26.756,27.156,7.664,0.515,6
NOD/ShiLtJ,m,30270583,36.6,10.4,3,3,1.759,28.857,30.616,0.054,11.622,0.633,0.062,1.968,32.283,34.251,13.951,0.865,6
NOD/ShiLtJ,m,30270584,35.7,10.3,3,3,0.596,28.9,29.496,0.051,10.529,0.533,0.059,0.667,32.391,33.058,12.993,0.765,6
NOD/ShiLtJ,m,30270585,29.9,9.7,2,3,1.995,22.2,24.195,0.048,10.339,0.494,0.057,2.242,24.952,27.194,12.67,0.721,6
NOD/ShiLtJ,m,30270586,31,10.2,2,3,4.306,20.845,25.151,0.051,10.638,0.542,0.059,4.86,23.528,28.388,12.899,0.764,6
NOD/ShiLtJ,m,30280271,30,9.8,2,2,1.832,22.565,24.397,0.046,10.143,0.471,0.054,2.075,25.56,27.635,12.453,0.675,6
NOD/ShiLtJ,m,30280272,32.3,9.9,2,2,1.684,25.019,26.703,0.05,11.042,0.557,0.059,1.899,28.213,30.112,13.446,0.787,6
NOD/ShiLtJ,m,30280273,31,9.7,2,2,2.218,22.989,25.207,0.049,10.306,0.501,0.057,2.511,26.022,28.533,12.639,0.715,6
NOD/ShiLtJ,m,30280274,31.8,9.9,2,2,2.218,24.027,26.245,0.05,9.444,0.473,0.059,2.499,27.079,29.578,11.699,0.693,6
NZO/HlLtJ,f,30250329,52.3,10.5,3,5,33.448,11.738,45.186,0.064,17.329,1.117,0.074,35.785,12.558,48.343,19.937,1.477,6
NZO/HlLtJ,f,30250330,57.2,10.7,3,5,33.8,16.054,49.854,0.064,18.126,1.159,0.074,36.144,17.169,53.313,20.689,1.54,6
NZO/HlLtJ,f,30250331,54.6,10.2,2,4,35.634,11.302,46.936,0.068,18.32,1.242,0.077,38.097,12.083,50.18,20.853,1.613,6
NZO/HlLtJ,f,30250332,49.6,10.6,3,5,30.45,12.024,42.474,0.067,17.603,1.181,0.077,32.538,12.849,45.387,20.158,1.549,6
NZO/HlLtJ,f,30260182,49.7,10.5,3,5,30.602,11.212,41.814,0.064,17.743,1.128,0.074,32.995,12.088,45.083,20.558,1.519,6
NZO/HlLtJ,f,30260183,52.8,10.3,3,5,34.848,9.743,44.591,0.065,18.706,1.215,0.074,37.773,10.561,48.334,21.64,1.603,6
NZO/HlLtJ,f,30260184,54.6,10.4,3,5,34.678,13.241,47.919,0.064,17.394,1.115,0.074,36.821,14.06,50.881,19.995,1.483,6
NZO/HlLtJ,f,30260185,51.5,10.5,3,5,31.827,12.32,44.147,0.061,17.607,1.07,0.071,34.52,13.361,47.881,20.424,1.445,6
NZO/HlLtJ,f,30270595,52.4,10.7,,,33.503,11.934,45.437,0.069,17.784,1.228,0.078,36.117,12.865,48.982,20.511,1.61,
NZO/HlLtJ,f,30270596,54.6,10.6,3,5,33.106,13.54,46.646,0.065,18.595,1.207,0.075,35.852,14.663,50.515,21.502,1.614,6
NZO/HlLtJ,f,30270597,55.6,11,3,5,33.275,14.797,48.072,0.066,18.49,1.217,0.077,35.673,15.864,51.537,21.135,1.617,6
NZO/HlLtJ,f,30270598,60.3,10.6,,,40.271,12.509,52.78,0.066,20.301,1.347,0.076,42.965,13.346,56.311,23.063,1.752,
NZO/HlLtJ,f,30280259,45.3,10.3,3,5,24.819,14.088,38.907,0.066,17.062,1.121,0.076,26.99,15.32,42.31,19.771,1.494,6
NZO/HlLtJ,f,30280260,52,10.6,3,5,30.184,15.203,45.387,0.064,17.359,1.111,0.075,32.541,16.39,48.931,20.194,1.505,6
NZO/HlLtJ,f,30280261,47.5,10.6,3,5,27.259,13.562,40.821,0.065,17.142,1.117,0.075,29.743,14.797,44.54,19.912,1.498,6
NZO/HlLtJ,f,30289716,48,10.9,,,28.539,12.834,41.373,0.066,19.141,1.269,0.075,30.996,13.94,44.936,21.793,1.635,
NZO/HlLtJ,m,30250333,51.4,10.4,3,5,22.056,21.8,43.856,0.067,12.79,0.854,0.078,24.058,23.778,47.836,15.372,1.205,6
NZO/HlLtJ,m,30250334,48.6,10.5,3,5,25.288,15.467,40.755,0.064,18.241,1.164,0.073,27.62,16.893,44.513,21.052,1.53,6
NZO/HlLtJ,m,30250335,38.3,10.4,3,2,5.609,25.977,31.586,0.05,10.724,0.531,0.061,6.171,28.58,34.751,13.121,0.806,6
NZO/HlLtJ,m,30250336,48.1,10.9,3,5,24.346,16.121,40.467,0.066,19.682,1.304,0.075,26.532,17.568,44.1,22.498,1.692,6
NZO/HlLtJ,m,30260179,56.2,10.6,3,5,34.39,13.458,47.848,0.062,20.274,1.259,0.071,37.102,14.519,51.621,23.208,1.645,6
NZO/HlLtJ,m,30260180,59.1,10.7,3,5,38.555,12.127,50.682,0.065,21.421,1.395,0.073,41.626,13.093,54.719,24.439,1.794,6
NZO/HlLtJ,m,30260181,57.6,10.3,3,5,33.684,15.451,49.135,0.066,21.92,1.444,0.074,36.465,16.727,53.192,24.963,1.841,6
NZO/HlLtJ,m,30260188,56.3,10.5,3,5,31.519,16.201,47.72,0.064,18.593,1.188,0.073,34.245,17.601,51.846,21.487,1.574,6
NZO/HlLtJ,m,30270591,47.7,11,3,5,17.616,23.167,40.783,0.061,15.299,0.934,0.071,19.118,25.142,44.26,17.826,1.264,6
NZO/HlLtJ,m,30270592,63.7,10.7,3,5,41.934,12.835,54.769,0.073,23.314,1.704,0.081,45.213,13.839,59.052,26.279,2.135,6
NZO/HlLtJ,m,30270593,52.1,11,3,5,26.856,16.702,43.558,0.068,21.626,1.464,0.075,29.237,18.182,47.419,24.592,1.852,6
NZO/HlLtJ,m,30270594,62.5,10.9,,,38.778,15.382,54.16,0.071,22.768,1.624,0.08,41.846,16.599,58.445,25.723,2.052,
NZO/HlLtJ,m,30280254,60.9,11.2,3,5,35.736,17.672,53.408,0.069,22.038,1.517,0.077,38.61,19.094,57.704,24.975,1.917,6
NZO/HlLtJ,m,30280255,65,11.2,3,5,42.876,14.195,57.071,0.069,22.256,1.542,0.078,46.023,15.236,61.259,25.233,1.963,6
NZO/HlLtJ,m,30280256,62.9,11,,,41.42,14.32,55.74,0.07,23.469,1.641,0.078,44.285,15.31,59.595,26.408,2.059,
NZO/HlLtJ,m,30289720,60.1,11.4,3,5,33.346,18.77,52.116,0.065,24.244,1.579,0.073,35.762,20.13,55.892,27.208,1.977,6
PWK/PhJ,f,30250342,17.7,,1,2,,,,,,,,,,,,,6
PWK/PhJ,f,30250343,16.9,,1,2,,,,,,,,,,,,,6
WSB/EiJ,f,30250348,18.2,8.5,1,1,0.898,14.165,15.063,0.04,7.852,0.317,0.051,1.026,16.178,17.204,9.801,0.498,6
WSB/EiJ,f,30250349,17.1,,1,1,,,,,,,,,,,,,6
WSB/EiJ,f,30250351,14.4,,1,2,,,,,,,,,,,,,6
WSB/EiJ,m,30250344,19.5,8.6,1,1,0.065,15.04,15.105,0.054,4.447,0.24,0.064,0.076,17.501,17.577,6.301,0.406,6
WSB/EiJ,m,30250345,19.2,8.3,1,2,,16.214,14.694,0.053,3.313,0.174,0.065,,18.768,17.009,5.044,0.329,6
WSB/EiJ,m,30250346,16.3,8.5,1,2,,15.095,14.42,0.049,3.48,0.171,0.062,,17.384,16.606,5.187,0.323,6
WSB/EiJ,m,30250347,18.6,,1,1,,,,,,,,,,,,,6
