strain,sex,animal_id,BMD_body,BMD_femur,BMD_spine
129X1/SvJ,m,129X1_1,0.0579,0.0906,0.0665
129X1/SvJ,m,129X1_10,0.0549,0.0925,0.0695
129X1/SvJ,m,129X1_11,0.051,0.0876,0.0758
129X1/SvJ,m,129X1_12,0.0555,0.0896,0.0721
129X1/SvJ,m,129X1_2,0.0531,0.0817,0.0644
129X1/SvJ,m,129X1_3,0.0572,0.0893,0.0646
129X1/SvJ,m,129X1_4,0.0554,0.0911,0.0634
129X1/SvJ,m,129X1_5,0.0553,0.0856,0.0654
129X1/SvJ,m,129X1_6,0.0526,0.0824,0.0651
129X1/SvJ,m,129X1_7,0.054,0.0905,0.0688
129X1/SvJ,m,129X1_8,0.0537,0.0877,0.0712
129X1/SvJ,m,129X1_9,0.0538,0.0826,0.0666
A/J,m,AJ_1,0.0465,0.0626,0.0538
A/J,m,AJ_10,0.0455,0.0717,0.0523
A/J,m,AJ_11,0.0444,0.0737,0.0536
A/J,m,AJ_12,0.0489,0.074,0.0551
A/J,m,AJ_13,0.0443,0.0662,0.056
A/J,m,AJ_2,0.0444,0.0597,0.0456
A/J,m,AJ_3,0.0414,0.0597,0.0462
A/J,m,AJ_4,0.0503,0.0689,0.0539
A/J,m,AJ_5,0.0456,0.063,0.0541
A/J,m,AJ_6,0.047,0.0677,0.0562
A/J,m,AJ_7,0.0427,0.0595,0.0492
A/J,m,AJ_8,0.0449,0.0613,0.0499
A/J,m,AJ_9,0.0484,0.068,0.051
AKR/J,m,AKR_1,0.0579,0.0947,0.0753
AKR/J,m,AKR_10,0.0561,0.0834,0.0689
AKR/J,m,AKR_11,0.0571,0.0905,0.0675
AKR/J,m,AKR_12,0.0586,,0.0679
AKR/J,m,AKR_2,0.0595,0.1095,0.0734
AKR/J,m,AKR_3,0.057,0.0916,0.0736
AKR/J,m,AKR_4,0.0622,0.0945,0.0696
AKR/J,m,AKR_5,0.0538,0.0813,0.0656
AKR/J,m,AKR_6,0.0612,0.0895,0.0671
AKR/J,m,AKR_7,0.0569,0.0868,0.0745
AKR/J,m,AKR_8,0.0597,0.0992,0.072
AKR/J,m,AKR_9,0.0546,0.0777,0.0706
AXB1/PgnJ,m,AXB1_1,0.0426,0.0663,0.0469
AXB1/PgnJ,m,AXB1_2,0.042,0.0724,0.0485
AXB1/PgnJ,m,AXB1_3,0.0423,0.0686,0.0478
AXB1/PgnJ,m,AXB1_4,0.0406,0.0665,0.0479
AXB1/PgnJ,m,AXB1_5,0.046,0.0731,0.0523
AXB1/PgnJ,m,AXB1_6,0.0458,0.0741,0.0527
AXB1/PgnJ,m,AXB1_7,0.0442,0.0658,0.0465
AXB1/PgnJ,m,AXB1_8,0.045,0.0678,0.051
AXB10/PgnJ,m,AXB10_1,0.0464,0.0859,0.0668
AXB10/PgnJ,m,AXB10_2,0.0468,0.0743,0.0604
AXB10/PgnJ,m,AXB10_3,0.0434,0.0751,0.0532
AXB10/PgnJ,m,AXB10_4,0.0481,0.0771,0.0527
AXB10/PgnJ,m,AXB10_5,0.0464,0.0721,0.0512
AXB10/PgnJ,m,AXB10_6,0.0496,0.083,0.0535
AXB10/PgnJ,m,AXB10_7,0.0485,0.0802,0.0561
AXB12/PgnJ,m,AXB12_1,0.045,0.0726,0.0552
AXB12/PgnJ,m,AXB12_2,0.0415,0.0635,0.0506
AXB12/PgnJ,m,AXB12_3,0.0471,0.0707,0.0573
AXB12/PgnJ,m,AXB12_4,0.0415,0.0648,0.05
AXB12/PgnJ,m,AXB12_5,0.047,0.0751,0.0563
AXB12/PgnJ,m,AXB12_6,0.046,0.0664,0.0524
AXB12/PgnJ,m,AXB12_7,0.0447,0.0715,0.0534
AXB13/PgnJ,m,AXB13_1,0.0441,0.0608,0.0523
AXB13/PgnJ,m,AXB13_2,0.0446,0.0645,0.0525
AXB13/PgnJ,m,AXB13_3,0.0441,0.0607,0.0506
AXB13/PgnJ,m,AXB13_4,0.0425,0.0583,0.0493
AXB13/PgnJ,m,AXB13_5,0.0428,0.0649,0.0522
AXB13/PgnJ,m,AXB13_6,0.0388,0.0555,0.0436
AXB13/PgnJ,m,AXB13_7,0.0431,0.0624,0.0516
AXB13/PgnJ,m,AXB13_8,0.0391,0.0565,0.0424
AXB15/PgnJ,m,AXB15_1,0.0444,0.0702,0.0537
AXB15/PgnJ,m,AXB15_2,0.0449,0.0712,0.0526
AXB15/PgnJ,m,AXB15_3,0.0453,0.0687,0.0571
AXB15/PgnJ,m,AXB15_4,0.042,0.0672,0.0519
AXB15/PgnJ,m,AXB15_5,0.0517,0.0816,0.0567
AXB15/PgnJ,m,AXB15_6,0.051,0.0726,0.0581
AXB19/PgnJ,m,AXB19_1,0.0398,0.0688,0.0463
AXB19/PgnJ,m,AXB19_2,0.0447,0.0712,0.0466
AXB19/PgnJ,m,AXB19_3,0.0388,0.0627,0.0462
AXB19/PgnJ,m,AXB19_4,0.0389,0.0639,0.0479
AXB19/PgnJ,m,AXB19_5,0.0457,0.0843,0.0528
AXB19/PgnJ,m,AXB19_6,0.0467,0.0739,0.0556
AXB19/PgnJ,m,AXB19_7,0.0451,0.0671,0.0541
AXB19/PgnJ,m,AXB19_8,0.0473,0.0755,0.0526
AXB19a/PgnJ,m,AXB19a_1,0.0421,0.0661,0.0576
AXB19a/PgnJ,m,AXB19a_2,0.0412,0.069,0.0554
AXB19a/PgnJ,m,AXB19a_3,0.0456,0.0766,0.0536
AXB19a/PgnJ,m,AXB19a_4,0.0454,0.076,0.0521
AXB19a/PgnJ,m,AXB19a_5,0.0437,0.064,0.0504
AXB19a/PgnJ,m,AXB19a_6,0.046,0.0727,0.0515
AXB19a/PgnJ,m,AXB19a_7,0.0442,0.0709,0.0517
AXB19b/PgnJ,m,AXB19b_1,0.0426,0.0701,0.0471
AXB19b/PgnJ,m,AXB19b_2,0.0438,0.075,0.0524
AXB19b/PgnJ,m,AXB19b_3,0.0415,0.0726,0.0474
AXB19b/PgnJ,m,AXB19b_4,0.0427,0.0766,0.0502
AXB2/PgnJ,m,AXB2_1,0.045,0.083,0.0553
AXB2/PgnJ,m,AXB2_2,0.0478,0.0755,0.0589
AXB2/PgnJ,m,AXB2_3,0.0467,0.0773,0.0596
AXB2/PgnJ,m,AXB2_4,0.0491,0.0907,0.0621
AXB2/PgnJ,m,AXB2_5,0.0472,0.0673,0.0524
AXB2/PgnJ,m,AXB2_6,0.0509,0.0786,0.0582
AXB2/PgnJ,m,AXB2_7,0.047,0.0672,0.0512
AXB2/PgnJ,m,AXB2_8,0.0508,0.0796,0.0566
AXB23/PgnJ,m,AXB23_1,0.0432,0.0667,0.0537
AXB23/PgnJ,m,AXB23_2,0.0406,0.0671,0.0513
AXB23/PgnJ,m,AXB23_3,0.0421,0.0654,0.0491
AXB23/PgnJ,m,AXB23_4,0.0487,,0.0585
AXB23/PgnJ,m,AXB23_5,0.0453,,0.0524
AXB23/PgnJ,m,AXB23_6,0.0459,0.0694,0.0608
AXB23/PgnJ,m,AXB23_7,0.045,0.069,0.051
AXB23/PgnJ,m,AXB23_8,0.0461,,0.0554
AXB24/PgnJ,m,AXB24_1,0.0445,0.0736,0.0491
AXB24/PgnJ,m,AXB24_2,0.0442,0.0695,0.0507
AXB24/PgnJ,m,AXB24_3,0.0454,0.0719,0.0523
AXB24/PgnJ,m,AXB24_4,0.0457,0.0707,0.0523
AXB24/PgnJ,m,AXB24_5,0.047,0.0673,0.0505
AXB4/PgnJ,m,AXB4_1,0.0425,0.0643,0.0532
AXB4/PgnJ,m,AXB4_2,0.0382,0.0551,0.0444
AXB4/PgnJ,m,AXB4_3,0.0402,0.0664,0.0555
AXB4/PgnJ,m,AXB4_4,0.0395,0.0591,0.0456
AXB4/PgnJ,m,AXB4_5,0.0504,0.0697,0.0499
AXB4/PgnJ,m,AXB4_6,0.04,0.0619,0.0452
AXB4/PgnJ,m,AXB4_7,0.0416,0.056,0.046
AXB4/PgnJ,m,AXB4_8,0.0415,0.0609,0.0459
AXB5/PgnJ,m,AXB5_1,0.0396,0.0602,0.0454
AXB5/PgnJ,m,AXB5_2,0.0461,0.0693,0.0495
AXB5/PgnJ,m,AXB5_3,0.0427,0.065,0.0496
AXB5/PgnJ,m,AXB5_4,0.0412,0.0671,0.0459
AXB5/PgnJ,m,AXB5_5,0.0431,0.0615,0.0471
AXB5/PgnJ,m,AXB5_6,0.0425,0.0716,0.048
AXB6/PgnJ,m,AXB6_1,0.0495,0.0795,0.0624
AXB6/PgnJ,m,AXB6_2,0.0535,0.0801,0.0666
AXB6/PgnJ,m,AXB6_3,0.0504,0.0859,0.0631
AXB6/PgnJ,m,AXB6_4,0.0525,0.0864,0.0627
AXB6/PgnJ,m,AXB6_6,0.0438,0.0578,0.0478
AXB6/PgnJ,m,AXB6_7,0.0486,0.0694,0.059
AXB6/PgnJ,m,AXB6_8,0.0467,0.0719,0.0593
AXB6/PgnJ,m,AXB6_9,0.048,0.0727,0.0593
AXB8/PgnJ,m,AXB8_1,0.0397,0.0601,0.0433
AXB8/PgnJ,m,AXB8_2,0.0414,0.0587,0.0436
AXB8/PgnJ,m,AXB8_3,0.0452,0.0628,0.0455
AXB8/PgnJ,m,AXB8_4,0.042,0.0625,0.0433
AXB8/PgnJ,m,AXB8_5,0.0433,0.0695,0.0503
AXB8/PgnJ,m,AXB8_6,0.0461,0.0644,0.0554
AXB8/PgnJ,m,AXB8_7,0.043,0.0657,0.0507
B6cC3-1/KccJ,m,B6Cc3_1,0.0539,0.086,0.0599
B6cC3-1/KccJ,m,B6Cc3_10,0.057,0.0863,0.0615
B6cC3-1/KccJ,m,B6Cc3_11,0.0543,0.0845,0.0582
B6cC3-1/KccJ,m,B6Cc3_12,0.0564,0.0914,0.0595
B6cC3-1/KccJ,m,B6Cc3_2,0.0519,0.0782,0.0532
B6cC3-1/KccJ,m,B6Cc3_3,0.0529,0.0792,0.0642
B6cC3-1/KccJ,m,B6Cc3_4,0.0512,0.0762,0.0601
B6cC3-1/KccJ,m,B6Cc3_5,0.0511,0.0876,0.0657
B6cC3-1/KccJ,m,B6Cc3_6,0.0509,0.0824,0.057
B6cC3-1/KccJ,m,B6Cc3_7,0.0586,0.085,0.063
B6cC3-1/KccJ,m,B6Cc3_8,0.0552,0.0804,0.057
B6cC3-1/KccJ,m,B6Cc3_9,0.0562,0.0866,0.0587
BALB/cJ,m,BALBCJ_1,0.0509,0.0791,0.0647
BALB/cJ,m,BALBCJ_10,0.0507,0.0704,0.058
BALB/cJ,m,BALBCJ_11,0.0536,0.0764,0.055
BALB/cJ,m,BALBCJ_12,0.0517,0.0687,0.0546
BALB/cJ,m,BALBCJ_2,0.0487,0.08,0.0598
BALB/cJ,m,BALBCJ_3,0.0475,0.0744,0.0592
BALB/cJ,m,BALBCJ_4,0.0443,0.0784,0.0535
BALB/cJ,m,BALBCJ_5,0.0489,0.0785,0.0614
BALB/cJ,m,BALBCJ_6,0.0554,0.0823,0.0586
BALB/cJ,m,BALBCJ_7,0.0517,0.0879,0.0642
BALB/cJ,m,BALBCJ_8,0.0489,0.0799,0.0552
BALB/cJ,m,BALBCJ_9,0.0489,0.0683,0.0538
BTBR T<+> Itpr3<tf>/J,m,BTBR_1,0.0609,0.0967,0.0759
BTBR T<+> Itpr3<tf>/J,m,BTBR_10,0.0585,0.0812,0.0665
BTBR T<+> Itpr3<tf>/J,m,BTBR_11,0.0526,0.0815,0.0729
BTBR T<+> Itpr3<tf>/J,m,BTBR_2,0.059,0.1121,0.0707
BTBR T<+> Itpr3<tf>/J,m,BTBR_3,0.0531,0.093,0.0633
BTBR T<+> Itpr3<tf>/J,m,BTBR_4,0.0594,0.0902,0.0701
BTBR T<+> Itpr3<tf>/J,m,BTBR_5,0.0555,0.0827,0.0716
BTBR T<+> Itpr3<tf>/J,m,BTBR_6,0.0639,0.0933,0.0759
BTBR T<+> Itpr3<tf>/J,m,BTBR_7,0.0632,0.0923,0.0766
BTBR T<+> Itpr3<tf>/J,m,BTBR_8,0.0593,0.0797,0.0691
BTBR T<+> Itpr3<tf>/J,m,BTBR_9,0.0612,0.0965,0.0718
BUB/BnJ,m,BUB_1,0.0558,0.0837,0.0698
BUB/BnJ,m,BUB_10,0.0462,0.0805,0.0525
BUB/BnJ,m,BUB_11,0.0456,0.0761,0.0544
BUB/BnJ,m,BUB_2,0.0491,0.0893,0.0639
BUB/BnJ,m,BUB_4,0.0495,0.0853,0.071
BUB/BnJ,m,BUB_5,0.0439,0.0745,0.052
BUB/BnJ,m,BUB_6,0.0443,0.0834,0.0593
BUB/BnJ,m,BUB_7,0.0444,0.0792,0.0513
BUB/BnJ,m,BUB_8,0.0512,0.0797,0.0531
BUB/BnJ,m,BUB_9,0.0508,0.0889,0.0527
BXA1/PgnJ,m,BXA1_1,0.0442,0.0667,0.0516
BXA1/PgnJ,m,BXA1_2,0.0453,0.0779,0.0568
BXA1/PgnJ,m,BXA1_3,0.0428,0.0699,0.0508
BXA11/PgnJ,m,BXA11_1,0.0446,0.0702,0.054
BXA11/PgnJ,m,BXA11_2,0.0465,0.0634,0.056
BXA11/PgnJ,m,BXA11_3,0.047,0.0637,0.048
BXA11/PgnJ,m,BXA11_4,0.0454,0.06,0.0531
BXA12/PgnJ,m,BXA12_1,0.0407,0.063,0.0442
BXA12/PgnJ,m,BXA12_10,0.0442,0.074,0.0447
BXA12/PgnJ,m,BXA12_11,0.0427,0.0747,0.0453
BXA12/PgnJ,m,BXA12_2,0.0405,0.0622,0.0398
BXA12/PgnJ,m,BXA12_3,0.0404,0.0549,0.0431
BXA12/PgnJ,m,BXA12_4,0.0476,0.0776,0.048
BXA12/PgnJ,m,BXA12_5,0.0423,0.0674,0.0436
BXA12/PgnJ,m,BXA12_6,0.043,0.0733,0.0427
BXA12/PgnJ,m,BXA12_7,0.0406,0.0671,0.0393
BXA12/PgnJ,m,BXA12_8,0.0447,0.0753,0.0466
BXA12/PgnJ,m,BXA12_9,0.046,0.0756,0.0514
BXA13/PgnJ,m,BXA13_1,0.0451,0.0715,0.0501
BXA13/PgnJ,m,BXA13_2,0.0476,,0.0581
BXA13/PgnJ,m,BXA13_3,0.0506,,0.061
BXA13/PgnJ,m,BXA13_4,0.0495,0.0767,0.0588
BXA13/PgnJ,m,BXA13_5,0.0481,0.0683,0.0493
BXA13/PgnJ,m,BXA13_6,0.0442,0.0647,0.0488
BXA13/PgnJ,m,BXA13_7,0.0466,0.0674,0.0511
BXA13/PgnJ,m,BXA13_8,0.0472,0.0739,0.0539
BXA14/PgnJ,m,BXA14_1,0.0532,0.1019,0.071
BXA14/PgnJ,m,BXA14_2,0.0517,0.0938,0.0604
BXA14/PgnJ,m,BXA14_3,0.0559,0.0979,0.0644
BXA14/PgnJ,m,BXA14_4,0.0518,0.0932,0.067
BXA14/PgnJ,m,BXA14_5,0.0536,0.0868,0.0608
BXA14/PgnJ,m,BXA14_6,0.0495,0.0847,0.0593
BXA14/PgnJ,m,BXA14_7,0.0547,0.0962,0.0621
BXA14/PgnJ,m,BXA14_8,0.0548,0.0949,0.0573
BXA16/PgnJ,m,BXA16_1,0.0511,0.0797,0.0605
BXA16/PgnJ,m,BXA16_2,0.0451,0.0692,0.0526
BXA16/PgnJ,m,BXA16_3,0.0477,0.0823,0.0602
BXA16/PgnJ,m,BXA16_4,0.0483,0.0772,0.0587
BXA16/PgnJ,m,BXA16_5,0.0477,0.0814,0.054
BXA16/PgnJ,m,BXA16_6,0.0479,0.0736,0.0577
BXA16/PgnJ,m,BXA16_7,0.0488,0.0825,0.0558
BXA2/PgnJ,m,BXA2_1,0.0435,0.0603,0.0523
BXA2/PgnJ,m,BXA2_2,0.0453,0.0742,0.0618
BXA2/PgnJ,m,BXA2_3,0.0447,0.081,0.0651
BXA2/PgnJ,m,BXA2_4,0.0459,0.0723,0.0616
BXA2/PgnJ,m,BXA2_5,0.0465,0.073,0.0592
BXA2/PgnJ,m,BXA2_6,0.0469,0.0775,0.0557
BXA2/PgnJ,m,BXA2_7,0.0471,0.0791,0.0555
BXA2/PgnJ,m,BXA2_8:252m,0.0456,0.0707,0.0469
BXA24/PgnJ,m,BXA24_1,0.0435,0.0801,0.0684
BXA24/PgnJ,m,BXA24_2,0.0498,0.08,0.0677
BXA24/PgnJ,m,BXA24_3,0.0471,0.0777,0.0673
BXA24/PgnJ,m,BXA24_4,0.0493,0.0835,0.0657
BXA24/PgnJ,m,BXA24_5,0.0495,0.072,0.0618
BXA24/PgnJ,m,BXA24_6,0.0494,0.0678,0.0585
BXA24/PgnJ,m,BXA24_7,0.0507,0.0782,0.0648
BXA24/PgnJ,m,BXA24_8,0.0501,0.0847,0.0616
BXA25/PgnJ,m,BXA25_1,0.0493,0.087,0.0659
BXA25/PgnJ,m,BXA25_2,0.0446,0.0783,0.0546
BXA25/PgnJ,m,BXA25_3,0.0487,0.0885,0.0631
BXA25/PgnJ,m,BXA25_4,0.046,0.0778,0.0581
BXA25/PgnJ,m,BXA25_5,0.05,0.0804,0.0649
BXA25/PgnJ,m,BXA25_6,0.051,0.0931,0.0619
BXA25/PgnJ,m,BXA25_7,0.0492,0.0816,0.0634
BXA25/PgnJ,m,BXA25_8,0.0521,0.083,0.0621
BXA26/PgnJ,m,BXA26_1,0.0468,0.0762,0.0532
BXA26/PgnJ,m,BXA26_2,0.0485,0.072,0.0561
BXA26/PgnJ,m,BXA26_3,0.0452,0.0766,0.056
BXA26/PgnJ,m,BXA26_4,0.0449,0.0677,0.0519
BXA26/PgnJ,m,BXA26_5,0.0387,0.0577,0.0442
BXA26/PgnJ,m,BXA26_6,0.0444,0.0693,0.0515
BXA26/PgnJ,m,BXA26_7,0.0463,0.0723,0.0515
BXA26/PgnJ,m,BXA26_8,0.0436,0.0664,0.049
BXA4/PgnJ,m,BXA4_1,0.0468,0.0785,0.0643
BXA4/PgnJ,m,BXA4_2,0.043,0.0779,0.0606
BXA4/PgnJ,m,BXA4_3,0.0472,0.087,0.0591
BXA4/PgnJ,m,BXA4_4,0.0513,0.0907,0.06
BXA4/PgnJ,m,BXA4_5,0.0464,0.0731,0.0557
BXA4/PgnJ,m,BXA4_6,0.046,0.0776,0.0542
BXA4/PgnJ,m,BXA4_7,0.0451,0.0684,0.0504
BXA4/PgnJ,m,BXA4_8,0.0477,0.0875,0.0585
BXA7/PgnJ,m,BXA7_1,0.0432,0.0629,0.0548
BXA7/PgnJ,m,BXA7_2,0.0465,0.0775,0.0532
BXA7/PgnJ,m,BXA7_3,0.0457,0.0761,0.0529
BXA7/PgnJ,m,BXA7_4,0.0468,0.088,0.0575
BXA7/PgnJ,m,BXA7_5,0.0458,0.0743,0.0566
BXA7/PgnJ,m,BXA7_6,0.0461,0.0795,0.0517
BXA7/PgnJ,m,BXA7_7,0.0477,0.0811,0.0549
BXA7/PgnJ,m,BXA7_8,0.0455,0.0686,0.0582
BXA8/PgnJ,m,BXA8_1,0.0474,0.0789,0.0553
BXA8/PgnJ,m,BXA8_2,0.0398,0.0628,0.0498
BXA8/PgnJ,m,BXA8_4,0.0389,0.0647,0.0512
BXA8/PgnJ,m,BXA8_5,0.0443,0.0622,0.0524
BXA8/PgnJ,m,BXA8_6,0.0421,0.0646,0.0432
BXA8/PgnJ,m,BXA8_7,0.047,0.0685,0.0552
BXA8/PgnJ,m,BXA8_8,0.0444,0.0676,0.0479
BXD1/TyJ,m,BXD1_1,0.0477,0.0767,0.0537
BXD1/TyJ,m,BXD1_3,0.0549,,0.0627
BXD1/TyJ,m,BXD1_4,0.0531,,0.0625
BXD1/TyJ,m,BXD1_5,0.0512,0.0791,0.059
BXD1/TyJ,m,BXD1_6,0.046,0.0799,0.0499
BXD1/TyJ,m,BXD1_7,0.0507,0.0924,0.0587
BXD1/TyJ,m,BXD1_8,0.0502,0.0817,0.0555
BXD11/TyJ,m,BXD11_1,0.0531,,0.0682
BXD11/TyJ,m,BXD11_2,0.0504,0.0903,0.0625
BXD11/TyJ,m,BXD11_3,0.0476,0.0869,0.0554
BXD11/TyJ,m,BXD11_4,0.0534,0.075,0.0567
BXD11/TyJ,m,BXD11_5,0.0504,0.0823,0.0578
BXD12/TyJ,m,BXD12_1,0.0515,0.0818,0.0631
BXD12/TyJ,m,BXD12_2,0.0463,0.0841,0.0652
BXD12/TyJ,m,BXD12_3,0.0491,0.0933,0.0707
BXD12/TyJ,m,BXD12_4,0.0543,0.0936,0.0764
BXD12/TyJ,m,BXD12_5,0.0507,0.0833,0.0615
BXD12/TyJ,m,BXD12_6,0.0531,0.0841,0.0651
BXD12/TyJ,m,BXD12_7,0.0527,0.0988,0.0672
BXD12/TyJ,m,BXD12_8,0.0528,0.0942,0.0676
BXD13/TyJ,m,BXD13_1,0.0512,0.0861,0.0648
BXD13/TyJ,m,BXD13_2,0.0509,0.099,0.0623
BXD13/TyJ,m,BXD13_3,0.0483,0.0878,0.0585
BXD13/TyJ,m,BXD13_4,0.0483,0.1016,0.0605
BXD14/TyJ,m,BXD14_1,0.0523,0.0824,0.0676
BXD14/TyJ,m,BXD14_2,0.0541,0.0925,
BXD14/TyJ,m,BXD14_3,0.0453,0.0808,0.0548
BXD14/TyJ,m,BXD14_4,0.0481,0.0847,0.0616
BXD14/TyJ,m,BXD14_5,0.0495,0.086,0.0578
BXD14/TyJ,m,BXD14_6,0.0498,0.0922,0.0569
BXD14/TyJ,m,BXD14_7,0.0469,0.081,0.0569
BXD14/TyJ,m,BXD14_8,0.0494,0.0871,0.0616
BXD15/TyJ,m,BXD15_1,0.0501,0.0829,0.0648
BXD15/TyJ,m,BXD15_2,0.0445,0.0847,0.0581
BXD15/TyJ,m,BXD15_3,0.047,0.0811,0.0562
BXD15/TyJ,m,BXD15_4,0.0502,0.0784,0.055
BXD15/TyJ,m,BXD15_5,0.0496,0.0858,0.0568
BXD15/TyJ,m,BXD15_6,0.0532,0.0882,0.0575
BXD16/TyJ,m,BXD16_1,0.047,0.0804,0.0628
BXD16/TyJ,m,BXD16_2,0.0455,0.0896,0.0569
BXD16/TyJ,m,BXD16_3,0.0497,0.084,0.0614
BXD16/TyJ,m,BXD16_4,0.0468,0.0833,0.0579
BXD18/TyJ,m,BXD18_1,0.0459,0.0789,0.0551
BXD18/TyJ,m,BXD18_2,0.0527,0.082,0.058
BXD18/TyJ,m,BXD18_3,0.0489,0.0828,0.0519
BXD18/TyJ,m,BXD18_4,0.0514,0.0851,0.059
BXD18/TyJ,m,BXD18_5,0.05,0.0731,0.0545
BXD19/TyJ,m,BXD19_1,0.0443,0.0737,0.0604
BXD19/TyJ,m,BXD19_2,0.0414,0.0702,0.0557
BXD19/TyJ,m,BXD19_3,0.0449,0.0793,0.0581
BXD19/TyJ,m,BXD19_4,0.0478,0.0741,0.0508
BXD19/TyJ,m,BXD19_5,0.0487,0.0766,0.0515
BXD19/TyJ,m,BXD19_6,0.0484,0.0808,0.0548
BXD19/TyJ,m,BXD19_7,0.0451,0.0769,0.0507
BXD2/TyJ,m,BXA2_8:431m,0.0432,0.0707,0.0469
BXD2/TyJ,m,BXD2_1,0.0454,,0.0533
BXD2/TyJ,m,BXD2_2,0.0431,0.0716,0.0633
BXD2/TyJ,m,BXD2_3,0.0493,0.0876,0.0615
BXD2/TyJ,m,BXD2_4,0.0474,0.0826,0.0574
BXD2/TyJ,m,BXD2_5,0.048,0.0869,0.058
BXD2/TyJ,m,BXD2_6,0.0495,0.086,0.0609
BXD20/TyJ,m,BXD20_1,0.0481,0.0761,0.0615
BXD20/TyJ,m,BXD20_2,0.0463,0.0799,0.0558
BXD20/TyJ,m,BXD20_3,0.0479,0.0825,0.0535
BXD20/TyJ,m,BXD20_4,0.049,0.0826,0.0588
BXD20/TyJ,m,BXD20_5,0.0491,0.0801,0.0574
BXD20/TyJ,m,BXD20_6,0.0473,0.0787,0.049
BXD20/TyJ,m,BXD20_7,0.0508,0.0855,0.0583
BXD20/TyJ,m,BXD20_8,0.0486,0.0834,0.0602
BXD21/TyJ,m,BXD21_1,0.0472,0.0831,0.0518
BXD21/TyJ,m,BXD21_2,0.0407,0.0653,0.0475
BXD21/TyJ,m,BXD21_3,0.0396,0.0666,0.0471
BXD21/TyJ,m,BXD21_4,0.0444,0.0608,0.0524
BXD21/TyJ,m,BXD21_5,0.0431,0.066,0.0508
BXD21/TyJ,m,BXD21_6,0.0423,0.0742,0.048
BXD24/TyJ-Cep290<rd16>/J,m,BXD24a_1,0.0436,0.0796,0.0712
BXD24/TyJ-Cep290<rd16>/J,m,BXD24a_2,0.0417,0.0826,0.0607
BXD24/TyJ-Cep290<rd16>/J,m,BXD24a_3,0.043,0.0736,0.0553
BXD24/TyJ-Cep290<rd16>/J,m,BXD24a_4,0.0467,0.0904,0.06
BXD24/TyJ-Cep290<rd16>/J,m,BXD24a_5,0.0474,0.0759,0.0537
BXD24/TyJ-Cep290<rd16>/J,m,BXD24a_6,0.05,0.0694,0.0555
BXD24/TyJ-Cep290<rd16>/J,m,BXD24a_7,0.0486,0.0699,0.053
BXD24/TyJ-Cep290<rd16>/J,m,BXD24a_8,0.0464,0.0685,0.0537
BXD24/TyJ-Cep290<rd16>/J,m,BXD24b_1,0.0469,0.08,0.0638
BXD24/TyJ-Cep290<rd16>/J,m,BXD24b_2,0.0422,0.0694,0.0546
BXD24/TyJ-Cep290<rd16>/J,m,BXD24b_3,0.0452,0.0661,0.064
BXD24/TyJ-Cep290<rd16>/J,m,BXD24b_4,0.0459,0.0729,0.0547
BXD24/TyJ-Cep290<rd16>/J,m,BXD24b_5,0.0496,0.0874,0.0524
BXD24/TyJ-Cep290<rd16>/J,m,BXD24b_6,0.0481,0.0801,0.0494
BXD24/TyJ-Cep290<rd16>/J,m,BXD24b_7,0.049,0.0726,0.0547
BXD24/TyJ-Cep290<rd16>/J,m,BXD24b_8,0.0483,0.0763,0.0596
BXD27/TyJ,m,BXD27_1,0.0459,0.0716,0.062
BXD27/TyJ,m,BXD27_2,0.0436,0.0675,0.052
BXD27/TyJ,m,BXD27_3,0.0439,0.0791,0.0627
BXD27/TyJ,m,BXD27_4,0.0439,0.0802,0.0569
BXD27/TyJ,m,BXD27_5,0.0507,0.0908,0.0563
BXD27/TyJ,m,BXD27_6,0.0504,0.0692,0.0568
BXD27/TyJ,m,BXD27_7,0.0474,0.0844,0.058
BXD28/TyJ,m,BXD28_1,0.051,0.0949,0.0625
BXD28/TyJ,m,BXD28_2,0.0492,0.0867,0.0586
BXD28/TyJ,m,BXD28_3,0.0508,0.0826,0.0592
BXD28/TyJ,m,BXD28_4,0.0491,0.0773,0.0581
BXD29-Tlr4<lps-2J>/J,m,BXD29_1,0.0417,0.0767,0.0489
BXD29-Tlr4<lps-2J>/J,m,BXD29_2,0.0377,0.0676,0.049
BXD29-Tlr4<lps-2J>/J,m,BXD29_3,0.041,0.0668,0.0466
BXD29-Tlr4<lps-2J>/J,m,BXD29_5,0.0434,0.0683,0.0516
BXD29-Tlr4<lps-2J>/J,m,BXD29_6,0.0469,0.0717,0.0495
BXD29-Tlr4<lps-2J>/J,m,BXD29_7,0.044,0.0671,0.0442
BXD31/TyJ,m,BXD31_1,0.0472,0.0869,0.0614
BXD31/TyJ,m,BXD31_2,0.0482,0.0874,0.063
BXD31/TyJ,m,BXD31_3,0.0493,0.083,0.0654
BXD31/TyJ,m,BXD31_4,0.0484,0.0871,0.0589
BXD32/TyJ,m,BXD32_1,0.0507,0.0801,0.0649
BXD32/TyJ,m,BXD32_2,0.0457,0.0822,0.0613
BXD32/TyJ,m,BXD32_3,0.0473,0.096,0.0645
BXD32/TyJ,m,BXD32_4,0.0463,0.0802,0.059
BXD32/TyJ,m,BXD32_5,0.0503,0.0858,0.0612
BXD32/TyJ,m,BXD32_6,0.0494,0.0781,0.057
BXD32/TyJ,m,BXD32_7,0.0485,0.0749,0.0564
BXD32/TyJ,m,BXD32_8,0.0486,0.0726,0.0587
BXD33/TyJ,m,BXD33_1,0.0429,0.0791,0.051
BXD33/TyJ,m,BXD33_2,0.0448,0.0857,0.0551
BXD33/TyJ,m,BXD33_3,0.0421,0.0655,0.0474
BXD33/TyJ,m,BXD33_4,0.0401,0.0657,0.0497
BXD33/TyJ,m,BXD33_5,0.0503,0.0848,0.0664
BXD33/TyJ,m,BXD33_6,0.0495,0.0895,0.0569
BXD33/TyJ,m,BXD33_7,0.0463,0.0775,0.0526
BXD33/TyJ,m,BXD33_8,0.0454,0.0755,0.0564
BXD34/TyJ,m,BXD34_1,0.0478,0.0829,0.0536
BXD34/TyJ,m,BXD34_2,0.0433,0.0748,0.0548
BXD34/TyJ,m,BXD34_3,0.0518,0.0822,0.0546
BXD34/TyJ,m,BXD34_4,0.0454,0.0762,0.0519
BXD34/TyJ,m,BXD34_5,0.0499,0.0804,0.0526
BXD34/TyJ,m,BXD34_6,0.0496,0.0821,0.0567
BXD34/TyJ,m,BXD34_7,0.0548,0.0801,0.0638
BXD34/TyJ,m,BXD34_8,0.0494,0.077,0.0584
BXD36/TyJ,m,BXD36_3,0.0535,0.1052,0.0574
BXD36/TyJ,m,BXD36_4,0.0486,,0.0603
BXD36/TyJ,m,BXD36_5,0.0525,0.0922,0.0588
BXD36/TyJ,m,BXD36_6,0.0523,0.0923,0.0595
BXD38/TyJ,m,BXD38_1,0.0477,0.0765,0.0578
BXD38/TyJ,m,BXD38_2,0.0478,0.0808,0.058
BXD38/TyJ,m,BXD38_3,0.0478,0.0788,0.0582
BXD38/TyJ,m,BXD38_4,0.0477,0.0697,0.0542
BXD38/TyJ,m,BXD38_5,0.0488,0.0723,0.0539
BXD38/TyJ,m,BXD38_6,0.0477,0.0709,0.0569
BXD38/TyJ,m,BXD38_7,0.0468,0.0765,0.0538
BXD38/TyJ,m,BXD38_8,0.0456,0.0685,0.052
BXD39/TyJ,m,BXD39_1,0.047,0.0728,0.0587
BXD39/TyJ,m,BXD39_2,0.0421,0.0613,0.0521
BXD39/TyJ,m,BXD39_3,0.0466,0.0686,0.0603
BXD39/TyJ,m,BXD39_4,0.0429,0.0717,0.0489
BXD39/TyJ,m,BXD39_5,0.0483,0.0838,0.0503
BXD39/TyJ,m,BXD39_6,0.048,0.0833,0.0535
BXD39/TyJ,m,BXD39_7,0.0481,0.086,0.0535
BXD39/TyJ,m,BXD39_8,0.049,0.0811,0.0512
BXD40/TyJ,m,BXD40_1,0.0448,0.0848,0.055
BXD40/TyJ,m,BXD40_2,0.0454,0.0759,0.0561
BXD40/TyJ,m,BXD40_3,0.0464,0.0719,0.0543
BXD40/TyJ,m,BXD40_4,0.0475,0.0763,0.0567
BXD40/TyJ,m,BXD40_5,0.0501,0.0745,0.0648
BXD40/TyJ,m,BXD40_6,0.0482,0.076,0.0613
BXD42/TyJ,m,BXD42_1,0.046,0.0749,0.0519
BXD42/TyJ,m,BXD42_2,0.0481,0.0737,0.0495
BXD42/TyJ,m,BXD42_3,0.0472,0.0704,0.0562
BXD42/TyJ,m,BXD42_4,0.0506,0.0735,0.0529
BXD42/TyJ,m,BXD42_6,0.0514,0.0863,0.052
BXD42/TyJ,m,BXD42_7,0.05,0.0771,0.0517
BXD42/TyJ,m,BXD42_8,0.0528,0.0798,0.0559
BXD5/TyJ,m,BXD5_1,0.0458,0.0756,0.0505
BXD5/TyJ,m,BXD5_2,0.0418,0.068,0.0489
BXD5/TyJ,m,BXD5_3,0.0471,0.0712,0.0513
BXD5/TyJ,m,BXD5_4,0.0438,0.0563,0.0538
BXD5/TyJ,m,BXD5_5,0.0468,0.0692,0.0519
BXD5/TyJ,m,BXD5_6,0.0491,0.0756,0.0617
BXD5/TyJ,m,BXD5_7,0.0486,0.0762,0.0536
BXD6/TyJ,m,BXD6_1,0.0456,0.0728,0.0537
BXD6/TyJ,m,BXD6_2,0.0416,0.0614,0.0517
BXD6/TyJ,m,BXD6_3,0.0422,0.0723,0.0556
BXD6/TyJ,m,BXD6_4,0.0464,0.0719,0.0549
BXD6/TyJ,m,BXD6_5,0.0499,0.0791,0.052
BXD6/TyJ,m,BXD6_6,0.0508,0.0803,0.059
BXD6/TyJ,m,BXD6_7,0.0489,0.0814,0.0573
BXD6/TyJ,m,BXD6_8,0.0525,0.0811,0.0593
BXD8/TyJ,m,BXD8_1,0.0487,0.0661,0.0525
BXD8/TyJ,m,BXD8_2,0.0498,,0.0564
BXD8/TyJ,m,BXD8_3,0.0465,0.0795,0.0542
BXD8/TyJ,m,BXD8_4,0.0488,0.0758,0.0549
BXD8/TyJ,m,BXD8_5,0.0507,0.0829,0.0574
BXD8/TyJ,m,BXD8_6,0.0495,0.081,0.0592
BXD8/TyJ,m,BXD8_7,0.0516,0.08,0.059
BXD8/TyJ,m,BXD8_8,0.0525,0.0809,0.0574
BXD9/TyJ,m,BXD9_1,0.0409,0.063,0.0488
BXD9/TyJ,m,BXD9_2,0.0449,0.0744,0.0485
BXD9/TyJ,m,BXD9_3,0.0455,0.0767,0.0554
BXD9/TyJ,m,BXD9_4,0.0444,0.0665,0.0498
BXD9/TyJ,m,BXD9_5,0.0464,0.0663,0.0506
BXD9/TyJ,m,BXD9_6,0.0456,0.0878,0.0537
BXD9/TyJ,m,BXD9_7,0.0455,0.0688,0.048
BXD9/TyJ,m,BXD9_8,0.0455,0.0755,0.0494
BXH10/TyJ,m,BXH10_1,0.0493,0.0515,0.0435
BXH10/TyJ,m,BXH10_10,0.0418,0.0637,0.0506
BXH10/TyJ,m,BXH10_11,0.0407,0.0671,0.0477
BXH10/TyJ,m,BXH10_2,0.0437,0.0565,0.0498
BXH10/TyJ,m,BXH10_3,0.0446,0.0667,0.0479
BXH10/TyJ,m,BXH10_4,0.0449,0.0707,0.0486
BXH10/TyJ,m,BXH10_5,0.045,0.0748,0.0463
BXH10/TyJ,m,BXH10_6,0.0466,0.0617,0.0468
BXH10/TyJ,m,BXH10_7,0.0487,0.0828,0.0555
BXH10/TyJ,m,BXH10_8,0.0498,0.085,0.0584
BXH10/TyJ,m,BXH10_9,0.0401,0.0688,0.0475
BXH14/TyJ,m,BXH14_1,0.0477,0.0736,0.0564
BXH14/TyJ,m,BXH14_10,0.0508,0.0672,0.0514
BXH14/TyJ,m,BXH14_11,0.0552,0.0803,0.0546
BXH14/TyJ,m,BXH14_12,0.0518,0.0743,0.0499
BXH14/TyJ,m,BXH14_13,0.0575,0.0794,0.0601
BXH14/TyJ,m,BXH14_14,0.0547,0.08,0.056
BXH14/TyJ,m,BXH14_15,0.0574,0.0793,0.0575
BXH14/TyJ,m,BXH14_2,0.0485,0.073,0.0555
BXH14/TyJ,m,BXH14_3,0.0482,0.0867,0.0559
BXH14/TyJ,m,BXH14_4,0.0508,0.0829,0.0573
BXH14/TyJ,m,BXH14_5,0.0489,0.0755,0.055
BXH14/TyJ,m,BXH14_6,0.0516,0.0754,0.0616
BXH14/TyJ,m,BXH14_7,0.0537,0.0782,0.0514
BXH14/TyJ,m,BXH14_8,0.0598,0.0856,0.0688
BXH14/TyJ,m,BXH14_9,0.056,0.0803,0.0614
BXH19/TyJ,m,BXH19_1,0.0489,0.0836,0.0636
BXH19/TyJ,m,BXH19_10,0.0472,0.068,0.0579
BXH19/TyJ,m,BXH19_11,0.0513,0.0808,0.0653
BXH19/TyJ,m,BXH19_12,0.0554,0.0772,0.062
BXH19/TyJ,m,BXH19_13,0.0495,0.0761,0.0591
BXH19/TyJ,m,BXH19_14,0.0476,0.0733,0.058
BXH19/TyJ,m,BXH19_15,0.047,0.0714,0.0592
BXH19/TyJ,m,BXH19_16,0.0485,0.0742,0.0574
BXH19/TyJ,m,BXH19_17a,0.0511,0.0736,0.0602
BXH19/TyJ,m,BXH19_17b,0.0445,0.0736,0.0602
BXH19/TyJ,m,BXH19_18,0.0539,0.0659,0.0671
BXH19/TyJ,m,BXH19_19,0.0507,0.0751,0.0554
BXH19/TyJ,m,BXH19_2,0.0451,0.0734,0.0604
BXH19/TyJ,m,BXH19_3,0.0535,0.0903,0.0595
BXH19/TyJ,m,BXH19_4,0.0505,0.088,0.0634
BXH19/TyJ,m,BXH19_5,0.0496,0.1002,0.0649
BXH19/TyJ,m,BXH19_6,0.0509,0.0698,0.0612
BXH19/TyJ,m,BXH19_7,0.0517,0.0827,0.0612
BXH19/TyJ,m,BXH19_8,0.0501,0.084,0.0618
BXH19/TyJ,m,BXH19_9,0.0492,0.0714,0.0591
BXH2/TyJ,m,BXH2_1,0.0414,0.0542,0.0472
BXH2/TyJ,m,BXH2_10,0.0528,0.0792,0.0608
BXH2/TyJ,m,BXH2_11,0.042,0.0577,0.0473
BXH2/TyJ,m,BXH2_12,0.0448,0.0587,0.0501
BXH2/TyJ,m,BXH2_13,0.0459,0.0667,0.0552
BXH2/TyJ,m,BXH2_2,0.0438,0.0504,0.0582
BXH2/TyJ,m,BXH2_3,0.0427,0.0498,0.0491
BXH2/TyJ,m,BXH2_4,0.0411,0.0532,0.0495
BXH2/TyJ,m,BXH2_5,0.045,0.0733,0.0478
BXH2/TyJ,m,BXH2_6,0.0414,0.0545,0.0455
BXH2/TyJ,m,BXH2_7,0.0458,0.0573,0.0513
BXH2/TyJ,m,BXH2_8,0.0457,0.0638,0.0519
BXH2/TyJ,m,BXH2_9,0.0468,0.0638,0.0472
BXH20/KccJ,m,BXH20_1,0.0494,0.0819,0.0604
BXH20/KccJ,m,BXH20_10,0.0525,0.0827,0.0594
BXH20/KccJ,m,BXH20_11,0.0562,0.0892,0.0652
BXH20/KccJ,m,BXH20_2,0.0498,0.082,0.0554
BXH20/KccJ,m,BXH20_3,0.0504,0.0938,0.0629
BXH20/KccJ,m,BXH20_4,0.0548,0.0931,0.0587
BXH20/KccJ,m,BXH20_5,0.0499,0.0851,0.057
BXH20/KccJ,m,BXH20_6,0.0503,0.0844,0.0603
BXH20/KccJ,m,BXH20_7,0.0523,0.0722,0.0576
BXH20/KccJ,m,BXH20_8,0.0558,0.0769,0.0614
BXH20/KccJ,m,BXH20_9,0.0546,0.079,0.0597
BXH22/KccJ,m,BXH22_1,0.048,0.0829,0.0543
BXH22/KccJ,m,BXH22_10,0.0442,0.081,0.0575
BXH22/KccJ,m,BXH22_11,0.0532,0.0828,0.0561
BXH22/KccJ,m,BXH22_2,0.0479,0.0785,0.0522
BXH22/KccJ,m,BXH22_3,0.051,0.0811,0.0508
BXH22/KccJ,m,BXH22_4,0.0479,0.082,0.0508
BXH22/KccJ,m,BXH22_5,0.0468,0.0776,0.0501
BXH22/KccJ,m,BXH22_6,0.0463,0.0877,0.0567
BXH22/KccJ,m,BXH22_7,0.0482,0.0614,0.0547
BXH22/KccJ,m,BXH22_8,0.051,0.0683,0.0576
BXH22/KccJ,m,BXH22_9,0.0504,0.0839,0.0528
BXH4/TyJ,m,BXH4_1,0.0539,0.0826,0.061
BXH4/TyJ,m,BXH4_10,0.0619,0.0879,0.0678
BXH4/TyJ,m,BXH4_11,0.0526,0.0808,0.0604
BXH4/TyJ,m,BXH4_2,0.052,0.0776,0.0594
BXH4/TyJ,m,BXH4_3,0.0518,0.0755,0.0546
BXH4/TyJ,m,BXH4_4,0.0538,0.0857,0.0615
BXH4/TyJ,m,BXH4_5,0.0503,0.0702,0.0567
BXH4/TyJ,m,BXH4_6,0.0566,0.0853,0.06
BXH4/TyJ,m,BXH4_7,0.054,0.0759,0.0571
BXH4/TyJ,m,BXH4_8,0.0539,0.0772,0.065
BXH4/TyJ,m,BXH4_9,0.0594,0.0884,0.0682
BXH6/TyJ,m,BXH6_1,0.0444,0.0668,0.0546
BXH6/TyJ,m,BXH6_10,0.0467,0.0708,0.0622
BXH6/TyJ,m,BXH6_11,0.0508,0.0673,0.0583
BXH6/TyJ,m,BXH6_12,0.0582,0.0746,0.0674
BXH6/TyJ,m,BXH6_2,0.0448,0.071,0.0538
BXH6/TyJ,m,BXH6_3,0.0488,0.0733,0.056
BXH6/TyJ,m,BXH6_4,0.0473,0.0818,0.0533
BXH6/TyJ,m,BXH6_5,0.0559,0.0709,0.058
BXH6/TyJ,m,BXH6_6,0.0491,0.0689,0.0571
BXH6/TyJ,m,BXH6_7,0.0524,0.0755,0.0612
BXH6/TyJ,m,BXH6_8,0.0532,0.0802,0.0661
BXH6/TyJ,m,BXH6_9,0.0515,0.069,0.0549
BXH7/TyJ,m,BXH7_1,0.0487,0.0697,0.0515
BXH7/TyJ,m,BXH7_10,0.0541,0.0949,0.0569
BXH7/TyJ,m,BXH7_11,0.0558,0.0952,0.06
BXH7/TyJ,m,BXH7_2,0.0513,0.0745,0.052
BXH7/TyJ,m,BXH7_3,0.0516,0.0794,0.0556
BXH7/TyJ,m,BXH7_4,0.0514,0.0851,0.0542
BXH7/TyJ,m,BXH7_5,0.0493,0.0863,0.0519
BXH7/TyJ,m,BXH7_6,0.0492,0.0683,0.0558
BXH7/TyJ,m,BXH7_7,0.0549,0.0876,0.0567
BXH7/TyJ,m,BXH7_8,0.0555,0.0893,0.0613
BXH7/TyJ,m,BXH7_9,0.0495,0.0882,0.0559
BXH8/TyJ,m,BXH8_1,0.0492,0.0728,0.0531
BXH8/TyJ,m,BXH8_10,0.0517,0.0823,0.0686
BXH8/TyJ,m,BXH8_11,0.0492,0.0795,0.0534
BXH8/TyJ,m,BXH8_12,0.0541,0.0906,0.064
BXH8/TyJ,m,BXH8_2,0.0482,0.078,0.0558
BXH8/TyJ,m,BXH8_3,0.0455,0.0808,0.0603
BXH8/TyJ,m,BXH8_4,0.0466,,0.0577
BXH8/TyJ,m,BXH8_5,0.0569,0.0877,0.0573
BXH8/TyJ,m,BXH8_7,0.0497,0.0667,0.0554
BXH8/TyJ,m,BXH8_8,0.0481,0.0621,0.0547
BXH9/TyJ,m,BXH9_1,0.0497,0.0842,0.0611
BXH9/TyJ,m,BXH9_10,0.0534,0.0748,0.0592
BXH9/TyJ,m,BXH9_2,0.0488,0.079,0.0616
BXH9/TyJ,m,BXH9_3,0.0508,0.085,0.0602
BXH9/TyJ,m,BXH9_4,0.0516,0.0725,0.0591
BXH9/TyJ,m,BXH9_5,0.0489,0.069,0.0531
BXH9/TyJ,m,BXH9_6,0.0553,0.0887,0.0635
BXH9/TyJ,m,BXH9_7,0.0504,0.078,0.0563
BXH9/TyJ,m,BXH9_8,0.047,0.0858,0.0628
BXH9/TyJ,m,BXH9_9,0.0511,0.08,0.0593
C3H/HeJ,m,C3H_1,0.0587,0.0923,0.0703
C3H/HeJ,m,C3H_10,0.053,0.0862,0.0597
C3H/HeJ,m,C3H_11,0.0591,0.0998,0.0654
C3H/HeJ,m,C3H_12,0.0576,0.0885,0.0619
C3H/HeJ,m,C3H_2,0.0567,0.0867,0.0637
C3H/HeJ,m,C3H_3,0.056,0.087,0.0666
C3H/HeJ,m,C3H_4,0.0607,0.0934,0.0672
C3H/HeJ,m,C3H_5,0.055,0.0928,0.0654
C3H/HeJ,m,C3H_6,0.0553,0.0971,0.0667
C3H/HeJ,m,C3H_7,0.0559,0.0908,0.0639
C3H/HeJ,m,C3H_8,0.0579,0.093,0.0701
C3H/HeJ,m,C3H_9,0.0562,0.0976,0.063
C57BL/6J,m,B6_1,0.0484,0.0753,0.0526
C57BL/6J,m,B6_10,0.0481,0.072,0.0566
C57BL/6J,m,B6_11,0.047,0.0723,0.0557
C57BL/6J,m,B6_12,0.0438,0.0654,0.0464
C57BL/6J,m,B6_13,0.049,0.0876,0.0593
C57BL/6J,m,B6_14,0.0486,0.0739,0.0566
C57BL/6J,m,B6_15,0.0463,0.0794,0.0518
C57BL/6J,m,B6_16,0.053,0.0884,0.0583
C57BL/6J,m,B6_2,0.0475,0.0693,0.0509
C57BL/6J,m,B6_3,0.0477,0.0686,0.053
C57BL/6J,m,B6_4,0.0494,0.0746,0.0553
C57BL/6J,m,B6_5,0.0481,0.0701,0.0534
C57BL/6J,m,B6_6,0.0506,0.0773,0.0563
C57BL/6J,m,B6_7,0.0466,0.0724,0.0547
C57BL/6J,m,B6_8,0.0468,0.0767,0.0563
C57BL/6J,m,B6_9,0.0493,0.0796,0.0579
C57L/J,m,C57L_1,0.0546,0.0736,0.0548
C57L/J,m,C57L_2,0.0581,0.0782,0.0589
C57L/J,m,C57L_3,0.054,0.0785,0.0654
C57L/J,m,C57_10,0.0528,0.0919,0.0596
C57L/J,m,C57_11,0.0584,0.089,0.0617
C57L/J,m,C57_4,0.054,0.0868,0.0611
C57L/J,m,C57_5,0.0506,0.0795,
C57L/J,m,C57_6,0.0559,0.0839,0.0593
C57L/J,m,C57_7,0.0551,0.0857,0.068
C57L/J,m,C57_8,0.0531,0.076,0.0587
C57L/J,m,C57_9,0.0579,0.082,0.0782
C58/J,m,C58_1,0.0509,0.0672,0.055
C58/J,m,C58_10,0.0526,0.0703,0.0557
C58/J,m,C58_11,0.0521,0.0679,0.0588
C58/J,m,C58_12,0.0547,0.0722,0.0576
C58/J,m,C58_2,0.0493,0.0654,0.0537
C58/J,m,C58_3,0.0517,0.0705,0.0575
C58/J,m,C58_4,0.0512,0.0746,0.0581
C58/J,m,C58_5,0.05,0.066,0.0612
C58/J,m,C58_6,0.0512,0.0727,0.0558
C58/J,m,C58_7,0.0534,0.0694,0.064
C58/J,m,C58_8,0.0527,0.0676,0.064
C58/J,m,C58_9,0.0534,0.0741,0.0615
CBA/J,m,CBA_1,0.0544,0.0901,0.0541
CBA/J,m,CBA_10,0.0558,0.0791,0.0629
CBA/J,m,CBA_11,0.0584,0.0941,0.0631
CBA/J,m,CBA_2,0.0551,0.0814,0.0594
CBA/J,m,CBA_3,0.0562,0.0911,0.06
CBA/J,m,CBA_4,0.0601,0.0872,0.0622
CBA/J,m,CBA_5,0.0543,0.0903,0.0585
CBA/J,m,CBA_6,0.0538,0.0849,0.0568
CBA/J,m,CBA_7,0.0589,0.0817,0.0567
CBA/J,m,CBA_8,0.0589,0.0871,0.0585
CBA/J,m,CBA_9,0.0613,0.0939,0.063
CE/J,m,CE_1,0.0527,0.0864,0.0553
CE/J,m,CE_10,0.0571,0.0914,0.0644
CE/J,m,CE_11,0.0531,0.0821,0.0584
CE/J,m,CE_12,0.057,0.0896,0.0615
CE/J,m,CE_2,0.0582,0.0903,0.0692
CE/J,m,CE_3,0.058,0.0842,0.0594
CE/J,m,CE_4,0.0493,0.0842,0.0564
CE/J,m,CE_5,0.0522,0.0845,0.0632
CE/J,m,CE_7,0.0561,0.0853,0.0563
CE/J,m,CE_8,0.0509,0.089,0.0596
CE/J,m,CE_9,0.0559,0.0912,0.0579
DBA/2J,m,DBA_1,0.0478,0.0746,0.052
DBA/2J,m,DBA_10,0.0486,0.0777,0.0546
DBA/2J,m,DBA_11,0.0478,0.0707,0.0528
DBA/2J,m,DBA_12,0.0491,0.069,0.0507
DBA/2J,m,DBA_2,0.0523,0.0854,0.0606
DBA/2J,m,DBA_3,0.0476,0.0718,0.0521
DBA/2J,m,DBA_4,0.0468,0.0778,0.0528
DBA/2J,m,DBA_5,0.0514,0.0665,0.0571
DBA/2J,m,DBA_6,0.0436,0.0705,0.0525
DBA/2J,m,DBA_7,0.0455,0.0729,0.0492
DBA/2J,m,DBA_8,0.0493,0.0727,0.0576
DBA/2J,m,DBA_9,0.0539,0.0801,0.0685
FVB/NJ,m,FVB_1,0.049,0.0724,0.0587
FVB/NJ,m,FVB_2,0.0476,0.0746,
FVB/NJ,m,FVB_3,0.0525,0.0796,0.0606
FVB/NJ,m,FVB_4,0.0503,0.0664,0.0585
FVB/NJ,m,FVB_5,0.0481,0.0685,0.0553
FVB/NJ,m,FVB_6,0.0488,0.0674,0.0556
FVB/NJ,m,FVB_7,0.0523,0.0767,0.0606
FVB/NJ,m,FVB_8,0.0525,0.0775,0.0617
FVB/NJ,m,FVB_9,0.0477,0.0784,0.0547
I/LnJ,m,I_1,0.0424,0.0597,0.0531
I/LnJ,m,I_10,0.0463,0.0648,0.059
I/LnJ,m,I_11,0.044,0.0658,0.0517
I/LnJ,m,I_12,0.0447,0.0612,0.0517
I/LnJ,m,I_2,0.0419,0.0626,0.0544
I/LnJ,m,I_3,0.0429,0.0666,0.0546
I/LnJ,m,I_5,0.0434,0.0663,0.054
I/LnJ,m,I_6,0.0455,0.0643,0.0561
I/LnJ,m,I_7,0.0437,0.0625,0.0505
I/LnJ,m,I_8,0.0425,0.0716,0.0537
I/LnJ,m,I_9,0.0422,0.072,0.0517
KK/HlJ,m,KK_1,0.0546,0.0715,0.0563
KK/HlJ,m,KK_10,0.0484,0.0826,0.0633
KK/HlJ,m,KK_11,0.0462,0.0699,0.052
KK/HlJ,m,KK_12,0.0527,0.0835,0.0651
KK/HlJ,m,KK_13,0.0517,0.0798,0.0623
KK/HlJ,m,KK_14,0.0508,0.0795,0.0587
KK/HlJ,m,KK_15,0.0543,0.0831,0.0633
KK/HlJ,m,KK_2,0.0531,0.0861,0.0628
KK/HlJ,m,KK_3,0.0563,0.0813,0.0665
KK/HlJ,m,KK_5,0.0606,0.0909,0.0705
KK/HlJ,m,KK_6,0.0542,0.0718,0.0605
KK/HlJ,m,KK_7,0.0554,0.0829,0.062
KK/HlJ,m,KK_8,0.06,0.0972,0.0697
KK/HlJ,m,KK_9,0.0587,0.073,0.0648
LP/J,m,LPJ_1,0.0578,0.0805,0.0656
LP/J,m,LPJ_10,0.0519,0.0717,0.061
LP/J,m,LPJ_11,0.0523,0.0681,0.054
LP/J,m,LPJ_12,0.0497,0.0713,0.0573
LP/J,m,LPJ_13,0.0532,0.0979,0.0639
LP/J,m,LPJ_14,0.0558,0.0904,0.069
LP/J,m,LPJ_15,0.0549,0.0921,0.0638
LP/J,m,LPJ_16,0.0456,0.076,0.052
LP/J,m,LPJ_2,0.0548,0.0724,0.0618
LP/J,m,LPJ_3,0.0576,0.0893,0.0658
LP/J,m,LPJ_4,0.0519,0.0719,0.0545
LP/J,m,LPJ_5,0.0497,0.07,0.0554
LP/J,m,LPJ_6,0.0532,0.0711,0.0623
LP/J,m,LPJ_7,0.0549,0.0832,0.0631
LP/J,m,LPJ_8,0.0483,0.0674,0.0554
LP/J,m,LPJ_9,0.0553,0.073,0.0607
MA/MyJ,m,MA_1,0.0522,0.0925,0.0594
MA/MyJ,m,MA_2,0.0514,0.0752,0.0557
MA/MyJ,m,MA_3,0.0563,0.0807,0.0611
MA/MyJ,m,MA_4,0.0548,0.0842,0.0588
MA/MyJ,m,MA_5,0.0502,0.0693,0.053
MA/MyJ,m,MA_6,0.0547,0.0805,0.0534
MA/MyJ,m,MA_7,0.0505,0.073,0.0553
MA/MyJ,m,MA_8,0.056,0.0817,0.0548
NOD/ShiLtJ,m,NOD_1,0.0561,0.0773,0.0621
NOD/ShiLtJ,m,NOD_10,0.0533,0.071,0.0558
NOD/ShiLtJ,m,NOD_11,0.0531,0.0689,0.0598
NOD/ShiLtJ,m,NOD_12,0.0525,0.0729,0.0641
NOD/ShiLtJ,m,NOD_13,0.0522,0.0779,0.0608
NOD/ShiLtJ,m,NOD_14,0.0507,0.0793,0.0559
NOD/ShiLtJ,m,NOD_15,0.052,0.0862,0.0609
NOD/ShiLtJ,m,NOD_16,0.0491,0.0773,0.0566
NOD/ShiLtJ,m,NOD_2,0.0559,0.068,0.0719
NOD/ShiLtJ,m,NOD_3,0.0527,0.0665,0.0567
NOD/ShiLtJ,m,NOD_4,0.0497,0.0674,0.055
NOD/ShiLtJ,m,NOD_5,0.0541,0.0726,0.0634
NOD/ShiLtJ,m,NOD_6,0.0536,0.0806,0.0616
NOD/ShiLtJ,m,NOD_7,0.0506,0.0722,0.0571
NOD/ShiLtJ,m,NOD_8,0.0518,0.0773,0.0645
NOD/ShiLtJ,m,NOD_9,0.0534,0.0764,0.0577
NON/ShiLtJ,m,NON_1,0.0646,0.0938,0.0695
NON/ShiLtJ,m,NON_10,0.0549,0.0853,0.07
NON/ShiLtJ,m,NON_11,0.0586,0.0968,0.073
NON/ShiLtJ,m,NON_12,0.0533,0.0853,0.0608
NON/ShiLtJ,m,NON_13,0.0594,0.0842,0.0654
NON/ShiLtJ,m,NON_14,0.0565,0.0926,0.0631
NON/ShiLtJ,m,NON_15,0.0538,0.0784,0.0653
NON/ShiLtJ,m,NON_16,0.0591,0.0884,0.0736
NON/ShiLtJ,m,NON_17,0.0546,0.085,0.0745
NON/ShiLtJ,m,NON_2,0.0554,0.0868,0.0632
NON/ShiLtJ,m,NON_3,0.0558,0.0757,0.0668
NON/ShiLtJ,m,NON_4,0.0582,0.0978,0.0672
NON/ShiLtJ,m,NON_5,0.0565,0.0915,0.0596
NON/ShiLtJ,m,NON_6,0.0561,0.0783,0.0595
NON/ShiLtJ,m,NON_7,0.0608,0.0882,0.0657
NON/ShiLtJ,m,NON_8,0.0567,0.0874,0.0637
NON/ShiLtJ,m,NON_9,0.0553,0.0947,0.0638
NZB/BlNJ,m,NZB_1,0.0604,0.1,0.0681
NZB/BlNJ,m,NZB_2,0.0608,0.1044,0.0649
NZB/BlNJ,m,NZB_3,0.0505,0.0815,0.062
NZB/BlNJ,m,NZB_4,0.0575,0.0992,0.0712
NZB/BlNJ,m,NZB_5,0.0624,0.0996,0.0689
NZB/BlNJ,m,NZB_6,0.0532,0.0875,0.0599
NZB/BlNJ,m,NZB_7,0.0612,0.1019,0.0695
NZW/LacJ,m,NZW_1,0.0552,0.0868,0.079
NZW/LacJ,m,NZW_10,0.0605,0.0963,0.0711
NZW/LacJ,m,NZW_11,0.0555,0.0875,0.0737
NZW/LacJ,m,NZW_12,0.0583,0.1051,0.0781
NZW/LacJ,m,NZW_2,0.0563,0.0796,0.0742
NZW/LacJ,m,NZW_3,0.0544,0.0855,0.0685
NZW/LacJ,m,NZW_4,0.0544,0.0881,0.073
NZW/LacJ,m,NZW_5,0.0514,0.0753,0.0694
NZW/LacJ,m,NZW_6,0.0562,0.0806,0.0714
NZW/LacJ,m,NZW_7,0.0575,0.0851,0.0713
NZW/LacJ,m,NZW_8,0.0534,0.0786,0.0652
NZW/LacJ,m,NZW_9,0.0592,0.0945,0.0763
PL/J,m,PL_1,0.0463,0.0631,0.0503
PL/J,m,PL_10,0.0502,0.0874,0.0598
PL/J,m,PL_11,0.0501,0.0785,0.0554
PL/J,m,PL_12,0.0485,0.0733,0.0545
PL/J,m,PL_2,0.0475,0.0688,0.0525
PL/J,m,PL_3,0.0536,0.0761,0.0597
PL/J,m,PL_4,0.0457,0.0682,0.0505
PL/J,m,PL_5,0.051,0.076,0.0584
PL/J,m,PL_6,0.0464,0.0661,0.0498
PL/J,m,PL_7,0.0467,0.0737,0.0537
PL/J,m,PL_8,0.0442,0.0677,0.0533
PL/J,m,PL_9,0.0486,0.0781,0.058
RIIIS/J,m,RIII_1,0.0451,0.065,0.0537
RIIIS/J,m,RIII_10,0.0394,0.0625,0.0525
RIIIS/J,m,RIII_11,0.0424,0.071,0.0598
RIIIS/J,m,RIII_1a,0.052,0.065,0.0537
RIIIS/J,m,RIII_2,0.0445,0.0627,0.0557
RIIIS/J,m,RIII_2a,0.0479,0.0627,0.0557
RIIIS/J,m,RIII_3,0.0534,0.0642,0.0578
RIIIS/J,m,RIII_4,0.0417,0.0631,0.0526
RIIIS/J,m,RIII_5,0.039,0.0589,0.055
RIIIS/J,m,RIII_6,0.0439,0.074,0.0594
RIIIS/J,m,RIII_7,0.0437,0.0665,0.0642
RIIIS/J,m,RIII_8,0.0432,0.0653,0.0568
RIIIS/J,m,RIII_9,0.0421,0.0692,0.0575
SEA/GnJ,m,SEA_10,0.0536,0.0799,0.0664
SEA/GnJ,m,SEA_11,0.0527,0.0751,0.0582
SEA/GnJ,m,SEA_12,0.0528,0.0772,0.064
SEA/GnJ,m,SEA_2,0.0541,0.0794,0.0594
SEA/GnJ,m,SEA_3,0.0558,0.0804,0.0581
SEA/GnJ,m,SEA_4,0.05,0.0777,0.0647
SEA/GnJ,m,SEA_5,0.0521,0.0756,0.0662
SEA/GnJ,m,SEA_6,0.0576,0.0822,0.0684
SEA/GnJ,m,SEA_7,0.055,0.0787,0.0602
SEA/GnJ,m,SEA_8,0.0529,0.084,0.0609
SEA/GnJ,m,SEA_9,0.0483,0.0711,0.0522
SM/J,m,SM_1,0.0474,0.0689,0.0542
SM/J,m,SM_10,0.0516,0.0626,0.0513
SM/J,m,SM_11,0.0482,0.0644,0.0517
SM/J,m,SM_12,0.0487,0.0628,0.0542
SM/J,m,SM_13,0.0448,0.0672,0.0479
SM/J,m,SM_14,0.0456,0.0658,0.051
SM/J,m,SM_15,0.0468,0.0691,0.0516
SM/J,m,SM_16,0.0459,0.0634,0.0504
SM/J,m,SM_2,0.0508,0.0833,0.0542
SM/J,m,SM_3,0.0483,0.0702,0.0541
SM/J,m,SM_4,0.0523,0.0836,0.0614
SM/J,m,SM_5,0.0505,0.0732,0.0555
SM/J,m,SM_6,0.0531,0.0741,0.0557
SM/J,m,SM_7,0.0494,0.0751,0.0569
SM/J,m,SM_8,0.0477,0.0663,0.052
SM/J,m,SM_9,0.0505,0.0639,0.0546
SWR/J,m,SWR_1,0.0513,0.072,0.0594
SWR/J,m,SWR_10,0.0467,0.0597,0.0553
SWR/J,m,SWR_11,0.0497,0.0707,0.0551
SWR/J,m,SWR_12,0.0505,0.0666,0.0559
SWR/J,m,SWR_2,0.0524,0.0647,0.0572
SWR/J,m,SWR_3,0.0479,0.0696,0.0539
SWR/J,m,SWR_4,0.0466,0.0628,0.0555
SWR/J,m,SWR_5,0.0467,0.0669,0.056
SWR/J,m,SWR_6,0.0502,0.0691,0.0638
SWR/J,m,SWR_7,0.0509,0.0663,0.0611
SWR/J,m,SWR_8,0.0482,0.0681,0.0564
SWR/J,m,SWR_9,0.051,0.0722,0.0583
