strain,sex,animal_id,HDLC,CHOL,nonHDL,TG
129S1/SvImJ,f,2448F01T,81,111,30,81
129S1/SvImJ,f,2448F02T,71,89,18,58
129S1/SvImJ,f,2448F03T,70.2,120,49.8,55
129S1/SvImJ,f,2448F04T,95,112,17,33
129S1/SvImJ,f,2448F05T,62.6,136,73.4,
129S1/SvImJ,f,2448F06T,85.3,97,11.7,61
129S1/SvImJ,f,2448F07T,61.6,89,27.4,91
129S1/SvImJ,f,2448F08T,,89,,29
129S1/SvImJ,f,2448F09T,77.8,,,41
129S1/SvImJ,f,2448F10T,103,139,36,65
129S1/SvImJ,f,2448F11T,91,126,35,67
129S1/SvImJ,f,2448F12T,99,143,44,71
129S1/SvImJ,f,2448F15T,97,138,41,78
129S1/SvImJ,f,2448F16T,74,93,19,63
129S1/SvImJ,f,2448F30T,88,126,38,81
129S1/SvImJ,f,2448F31T,78,,,71
129S1/SvImJ,f,2448F32T,82,118,36,38
129S1/SvImJ,f,2448F33T,71,104,33,59
129S1/SvImJ,f,2448F50T,83,104,21,49
129S1/SvImJ,f,2448F51T,100,113,13,76
129S1/SvImJ,f,2448F52T,89,120,31,66
129S1/SvImJ,f,2448F53T,89,114,25,40
129S1/SvImJ,f,2448F54T,92,120,28,50
129S1/SvImJ,f,2448F55T,90,105,15,49
129S1/SvImJ,m,2448M01T,,91,,86
129S1/SvImJ,m,2448M02T,,98,,76
129S1/SvImJ,m,2448M03T,,120,,70
129S1/SvImJ,m,2448M04T,,82,,80
129S1/SvImJ,m,2448M05T,106,118,12,74
129S1/SvImJ,m,2448M06T,,96,,75
129S1/SvImJ,m,2448M07T,,95,,70
129S1/SvImJ,m,2448M08T,,95,,55
129S1/SvImJ,m,2448M09T,,88,,90
129S1/SvImJ,m,2448M10T,,89,,93
129S1/SvImJ,m,2448M50T,99,144,45,122
129S1/SvImJ,m,2448M51T,99,169,70,126
129S1/SvImJ,m,2448M52T,109,145,36,101
129S1/SvImJ,m,2448M53T,108,145,37,108
129S1/SvImJ,m,2448M54T,116,175,59,
129S1/SvImJ,m,2448M55T,121,182,61,152
129S1/SvImJ,m,2448M56T,127,163,36,138
129S1/SvImJ,m,2448M57T,137,,,157
A/J,f,0646F01T,39,78,39,126
A/J,f,0646F02T,38,78,40,131
A/J,f,0646F03T,48,72,24,135
A/J,f,0646F04T,45,69,24,100
A/J,f,0646F05T,37,73,36,135
A/J,f,0646F06T,41,83,42,83
A/J,f,0646F07T,51,91,40,140
A/J,f,0646F08T,43,57,14,118
A/J,f,0646F09T,62,71,9,79
A/J,f,0646F10T,63,100,37,87
A/J,m,0646M01T,30,100,70,102
A/J,m,0646M02T,35,108,73,82
A/J,m,0646M03T,54,71,17,89
A/J,m,0646M04T,47,101,54,113
A/J,m,0646M05T,42,78,36,112
A/J,m,0646M06T,55,89,34,107
A/J,m,0646M07T,73,85,12,144
A/J,m,0646M08T,53,93,40,119
A/J,m,0646M09T,63,80,17,112
A/J,m,0646M10T,60,118,58,136
A/J,m,0646M31T,50,68,18,85
A/J,m,0646M32T,59,81,22,116
AKR/J,f,0648F01T,,47,,133
AKR/J,f,0648F02T,,43,,157
AKR/J,f,0648F03T,,26,,99
AKR/J,f,0648F04T,,26,,
AKR/J,f,0648F05T,,40,,130
AKR/J,f,0648F07T,,37,,94
AKR/J,f,0648F08T,,57,,134
AKR/J,f,0648F09T,,55,,168
AKR/J,f,0648F10T,84,,,67
AKR/J,f,0648F30T,60,77,17,196
AKR/J,f,0648F31T,42,67,25,163
AKR/J,f,0648F32T,64,77,13,152
AKR/J,f,0648F34T,40,61,21,118
AKR/J,f,0648F35T,61,77,16,181
AKR/J,f,0648F36T,33,58,25,158
AKR/J,f,0648F37T,39,66,27,247
AKR/J,f,0648F38T,43,71,28,257
AKR/J,f,0648F39T,46,76,30,214
AKR/J,f,0648F81T,65,,,207
AKR/J,f,0648F82T,85.8,,,199
AKR/J,f,0648F83T,,,,236
AKR/J,f,0648F84T,68.4,,,59
AKR/J,f,0648F85T,,,,207
AKR/J,f,0648F86T,61.5,,,178
AKR/J,f,0648F87T,54.5,,,101
AKR/J,f,0648F88T,71.9,,,135
AKR/J,f,0648F89T,84.7,,,193
AKR/J,f,0648F90T,,42,,101
AKR/J,f,0648F91T,68.4,,,115
AKR/J,m,0648M01T,,88,,
AKR/J,m,0648M02T,54.5,78,23.5,213
AKR/J,m,0648M03T,78.9,95,16.1,273
AKR/J,m,0648M04T,75.4,109,33.6,303
AKR/J,m,0648M05T,29,78,49,149
AKR/J,m,0648M06T,,74,,150
AKR/J,m,0648M07T,,85,,171
AKR/J,m,0648M08T,,74,,128
AKR/J,m,0648M09T,41.8,75,33.2,154
AKR/J,m,0648M10T,104,79,0,200
AKR/J,m,0648M11T,64,102,38,184
AKR/J,m,0648M40T,62,106,44,242
AKR/J,m,0648M41T,63,105,42,297
AKR/J,m,0648M42T,85,102,17,225
BALB/cByJ,f,1026F03T,44,73,29,137
BALB/cByJ,f,1026F04T,56,89,33,145
BALB/cByJ,f,1026F05T,56,62,6,89
BALB/cByJ,f,1026F06T,53,84,31,147
BALB/cByJ,f,1026F07T,48,,,140
BALB/cByJ,f,1026F08T,67,82,15,136
BALB/cByJ,f,1026F09T,69,72,3,103
BALB/cByJ,f,1026F10T,63,74,11,99
BALB/cByJ,f,1026F30T,41,68,27,134
BALB/cByJ,f,1026F31T,52,68,16,87
BALB/cByJ,f,1026F32T,39,70,31,132
BALB/cByJ,f,1026F33T,65,84,19,
BALB/cByJ,f,1026F34T,57,66,9,145
BALB/cByJ,f,1026F35T,66,82,16,128
BALB/cByJ,f,1026F36T,56,76,20,146
BALB/cByJ,f,1026F40T,,70,,105
BALB/cByJ,f,1026F41T,,82,,152
BALB/cByJ,f,1026F42T,,82,,172
BALB/cByJ,f,1026F70T,47,,,
BALB/cByJ,f,1026F71T,55,,,
BALB/cByJ,f,1026F72T,62,,,
BALB/cByJ,m,1026M01T,90,111,21,133
BALB/cByJ,m,1026M02T,86,113,27,159
BALB/cByJ,m,1026M03T,75,121,46,173
BALB/cByJ,m,1026M04T,65,113,48,131
BALB/cByJ,m,1026M05T,,118,,181
BALB/cByJ,m,1026M30T,89,120,31,168
BALB/cByJ,m,1026M31T,83,104,21,165
BALB/cByJ,m,1026M32T,65,,,81
BALB/cByJ,m,1026M33T,77,103,26,78
BALB/cByJ,m,1026M34T,67,93,26,89
BALB/cByJ,m,1026M35T,76,110,34,146
BALB/cByJ,m,1026M40T,,109,,161
BALB/cByJ,m,1026M41T,,111,,161
BALB/cByJ,m,1026M42T,,102,,97
BALB/cByJ,m,1026M43T,,124,,144
BALB/cByJ,m,1026M44T,,91,,156
BALB/cByJ,m,1026M70T,94,,,
BALB/cByJ,m,1026M71T,97,,,
BALB/cByJ,m,1026M72T,84,,,
BALB/cByJ,m,1026M73T,87,,,
BALB/cByJ,m,1026M74T,73,,,
BALB/cJ,m,0651M06T,77,109,32,146
BALB/cJ,m,0651M07T,50,90,40,107
BALB/cJ,m,0651M08T,80,110,30,141
BALB/cJ,m,0651M09T,72,103,31,126
BALB/cJ,m,0651M10T,94,120,26,153
BTBR T<+> Itpr3<tf>/J,f,2282F20T,59,98,39,96
BTBR T<+> Itpr3<tf>/J,f,2282F21T,71,107,36,89
BTBR T<+> Itpr3<tf>/J,f,2282F22T,69,114,45,89
BTBR T<+> Itpr3<tf>/J,f,2282F23T,67,103,36,115
BTBR T<+> Itpr3<tf>/J,f,2282F24T,64,112,48,109
BTBR T<+> Itpr3<tf>/J,f,2282F25T,63,82,19,78
BTBR T<+> Itpr3<tf>/J,f,2282F26T,60,89,29,106
BTBR T<+> Itpr3<tf>/J,f,2282F27T,66,87,21,73
BTBR T<+> Itpr3<tf>/J,f,2282F28T,68,88,20,71
BTBR T<+> Itpr3<tf>/J,f,2282F29T,57,99,42,83
BTBR T<+> Itpr3<tf>/J,f,2282F30T,65,90,25,80
BTBR T<+> Itpr3<tf>/J,m,2282M08T,83.5,90,6.5,85
BTBR T<+> Itpr3<tf>/J,m,2282M09T,,76,,86
BTBR T<+> Itpr3<tf>/J,m,2282M10T,83.5,85,1.5,86
BTBR T<+> Itpr3<tf>/J,m,2282M11T,88,99,11,92
BTBR T<+> Itpr3<tf>/J,m,2282M30T,85,148,63,94
BTBR T<+> Itpr3<tf>/J,m,2282M31T,85,172,87,109
BTBR T<+> Itpr3<tf>/J,m,2282M32T,88,131,43,84
BTBR T<+> Itpr3<tf>/J,m,2282M33T,95,148,53,105
BTBR T<+> Itpr3<tf>/J,m,2282M34T,85,122,37,80
BTBR T<+> Itpr3<tf>/J,m,2282M35T,93,182,89,114
BUB/BnJ,f,0653F05T,38,61,23,196
BUB/BnJ,f,0653F06T,35,62,27,182
BUB/BnJ,f,0653F07T,37,62,25,140
BUB/BnJ,f,0653F08T,60,49,0,126
BUB/BnJ,f,0653F09T,27,52,25,154
BUB/BnJ,f,0653F10T,,76,,170
BUB/BnJ,f,0653F12T,40,80,40,342
BUB/BnJ,f,0653F13T,45,79,34,281
BUB/BnJ,f,0653F14T,48,75,27,226
BUB/BnJ,f,0653F15T,46,90,44,387
BUB/BnJ,f,0653F90T,54,,,
BUB/BnJ,m,0653M01T,97.2,102,4.8,185
BUB/BnJ,m,0653M02T,61.6,96,34.4,178
BUB/BnJ,m,0653M03T,106,75,0,116
BUB/BnJ,m,0653M04T,78.8,109,30.2,172
BUB/BnJ,m,0653M05T,76.7,118,41.3,183
BUB/BnJ,m,0653M06T,72.4,99,26.6,174
BUB/BnJ,m,0653M07T,79.9,103,23.1,207
BUB/BnJ,m,0653M08T,83.2,109,25.8,198
BUB/BnJ,m,0653M09T,64.8,75,10.2,121
BUB/BnJ,m,0653M10T,89.6,113,23.4,157
C3H/HeJ,f,0659F01T,56.2,112,55.8,102
C3H/HeJ,f,0659F02T,70.2,115,44.8,70
C3H/HeJ,f,0659F03T,91.8,105,13.2,58
C3H/HeJ,f,0659F04T,89.6,94,4.4,97
C3H/HeJ,f,0659F05T,84.2,90,5.8,57
C3H/HeJ,f,0659F06T,90.7,80,0,57
C3H/HeJ,f,0659F07T,73.4,78,4.6,46
C3H/HeJ,f,0659F08T,78,102,24,114
C3H/HeJ,f,0659F09T,78,74,0,58
C3H/HeJ,f,0659F10T,,103,,81
C3H/HeJ,f,0659F79T,,127,,126
C3H/HeJ,m,0659M01T,,71,,76
C3H/HeJ,m,0659M02T,107,91,0,82
C3H/HeJ,m,0659M03T,107,82,0,94
C3H/HeJ,m,0659M04T,104,99,0,72
C3H/HeJ,m,0659M05T,108,134,26,97
C3H/HeJ,m,0659M06T,,121,,90
C3H/HeJ,m,0659M07T,,123,,81
C3H/HeJ,m,0659M08T,,89,,82
C3H/HeJ,m,0659M10T,,123,,79
C3H/HeJ,m,0659M13T,108,146,38,85
C3H/HeJ,m,0659M14T,109,,,
C3H/HeJ,m,0659M30T,110,135,25,69
C3H/HeJ,m,0659M40T,104,161,57,182
C3H/HeJ,m,0659M41T,108,128,20,113
C3H/HeJ,m,0659M42T,,153,,171
C57BL/10J,f,0665F01T,55.7,49,0,66
C57BL/10J,f,0665F02T,,,,72
C57BL/10J,f,0665F03T,63.8,,,67
C57BL/10J,f,0665F04T,,79,,
C57BL/10J,f,0665F05T,52.2,32,0,81
C57BL/10J,f,0665F06T,56.8,,,79
C57BL/10J,f,0665F07T,48.7,,,79
C57BL/10J,f,0665F08T,51,,,77
C57BL/10J,f,0665F09T,,,,82
C57BL/10J,f,0665F10T,48.7,42,0,71
C57BL/10J,f,0665F21T,38,76,38,68
C57BL/10J,f,0665F34T,55,87,32,59
C57BL/10J,f,0665F35T,58,89,31,45
C57BL/10J,f,0665F36T,46,,,42
C57BL/10J,f,0665F37T,45,77,32,60
C57BL/10J,f,0665F40T,53,68,15,53
C57BL/10J,f,0665F41T,49,70,21,74
C57BL/10J,f,0665F42T,59,78,19,58
C57BL/10J,f,0665F43T,62,75,13,80
C57BL/10J,f,0665F44T,49,71,22,
C57BL/10J,f,0665F45T,50,63,13,59
C57BL/10J,f,0665F46T,39,56,17,46
C57BL/10J,f,0665F47T,42,62,20,53
C57BL/10J,f,0665F48T,49,79,30,56
C57BL/10J,f,0665F49T,50,65,15,39
C57BL/10J,f,0665F72T,,44,,65
C57BL/10J,f,0665F73T,,49,,60
C57BL/10J,f,0665F76T,,57,,79
C57BL/10J,f,0665F77T,,39,,60
C57BL/10J,f,0665F79T,,56,,63
C57BL/10J,m,0665M01T,26.7,68,41.3,69
C57BL/10J,m,0665M02T,,70,,83
C57BL/10J,m,0665M03T,8.12,59,50.88,44
C57BL/10J,m,0665M04T,32.5,,,82
C57BL/10J,m,0665M05T,5.80,,,51
C57BL/10J,m,0665M06T,54.5,70,15.5,97
C57BL/10J,m,0665M07T,18.6,65,46.4,62
C57BL/10J,m,0665M08T,23.2,66,42.8,64
C57BL/10J,m,0665M09T,5.80,72,66.2,66
C57BL/10J,m,0665M10T,29,59,30,75
C57BL/6J,f,0664F01T,41,98,57,116
C57BL/6J,f,0664F02T,39,95,56,116
C57BL/6J,f,0664F03T,33,,,
C57BL/6J,f,0664F04T,31,,,
C57BL/6J,f,0664F05T,30,,,
C57BL/6J,f,0664F06T,25,,,
C57BL/6J,f,0664F07T,22,,,
C57BL/6J,f,0664F08T,14,,,
C57BL/6J,f,0664F09T,10,,,
C57BL/6J,f,0664F10T,11,,,
C57BL/6J,f,0664F11T,38,72,34,58
C57BL/6J,f,0664F20T,53,60,7,50
C57BL/6J,f,0664F21T,66,69,3,37
C57BL/6J,f,0664F71T,34,,,
C57BL/6J,f,0664F72T,36,,,
C57BL/6J,f,0664F73T,53,67,14,85
C57BL/6J,f,0664F76T,46,,,84
C57BL/6J,f,0664F77T,55,76,21,59
C57BL/6J,f,0664F79T,42,66,24,67
C57BL/6J,f,0664F83T,54,61,7,
C57BL/6J,f,0664F84T,59,64,5,41
C57BL/6J,f,0664F90T,42,74,32,59
C57BL/6J,f,0664F91T,35,94,59,93
C57BL/6J,f,0664F92T,33,56,23,52
C57BL/6J,f,0664F93T,46,84,38,75
C57BL/6J,m,0664M01T,20.9,76,55.1,81
C57BL/6J,m,0664M02T,33.6,86,52.4,117
C57BL/6J,m,0664M03T,61.5,75,13.5,77
C57BL/6J,m,0664M04T,68.4,81,12.6,62
C57BL/6J,m,0664M05T,81.2,94,12.8,110
C57BL/6J,m,0664M06T,84.7,90,5.3,81
C57BL/6J,m,0664M07T,81.2,88,6.8,67
C57BL/6J,m,0664M08T,42.9,100,57.1,83
C57BL/6J,m,0664M09T,61.5,81,19.5,66
C57BL/6J,m,0664M10T,18.6,86,67.4,82
C57BL/6J,m,0664M75T,95,,,
C57BLKS/J,f,0662F01T,59.4,72,12.6,86
C57BLKS/J,f,0662F02T,55.1,65,9.9,81
C57BLKS/J,f,0662F03T,46.4,71,24.6,74
C57BLKS/J,f,0662F04T,45.4,60,14.6,70
C57BLKS/J,f,0662F05T,46.4,83,36.6,85
C57BLKS/J,f,0662F06T,55.1,81,25.9,89
C57BLKS/J,f,0662F07T,56.2,54,0,80
C57BLKS/J,f,0662F08T,49.7,62,12.3,82
C57BLKS/J,f,0662F09T,48.6,70,21.4,66
C57BLKS/J,f,0662F10T,55.1,60,4.9,80
C57BLKS/J,m,0662M01T,85,84,0,104
C57BLKS/J,m,0662M02T,70,88,18,130
C57BLKS/J,m,0662M03T,62,82,20,104
C57BLKS/J,m,0662M05T,65,98,33,130
C57BLKS/J,m,0662M07T,60,66,6,77
C57BLKS/J,m,0662M08T,57,104,47,106
C57BLKS/J,m,0662M09T,58,100,42,134
C57BLKS/J,m,0662M10T,50,74,24,108
C57BLKS/J,m,0662M12T,66,87,21,103
C57BLKS/J,m,0662M13T,69,98,29,81
C57BLKS/J,m,0662M14T,61,84,23,95
C57BLKS/J,m,0662M15T,69,111,42,138
C57BR/cdJ,f,0667F09T,52.2,68,15.8,78
C57BR/cdJ,f,0667F10T,25.5,81,55.5,110
C57BR/cdJ,f,0667F11T,9.28,,,58
C57BR/cdJ,f,0667F22T,,90,,85
C57BR/cdJ,f,0667F23T,55,101,46,114
C57BR/cdJ,f,0667F24T,19,83,64,72
C57BR/cdJ,f,0667F25T,68,87,19,91
C57BR/cdJ,f,0667F26T,59,91,32,87
C57BR/cdJ,f,0667F27T,64,90,26,70
C57BR/cdJ,f,0667F28T,69,99,30,63
C57BR/cdJ,f,0667F29T,,103,,86
C57BR/cdJ,m,0667M08T,17,66,49,
C57BR/cdJ,m,0667M09T,12,73,61,83
C57BR/cdJ,m,0667M10T,7,82,75,100
C57BR/cdJ,m,0667M30T,53,75,22,
C57BR/cdJ,m,0667M31T,72,99,27,87
C57BR/cdJ,m,0667M32T,79,110,31,80
C57BR/cdJ,m,0667M33T,66,99,33,82
C57BR/cdJ,m,0667M34T,95,95,0,83
C57BR/cdJ,m,0667M35T,77,114,37,90
C57BR/cdJ,m,0667M36T,74,84,10,84
C57BR/cdJ,m,0667M37T,70,92,22,67
C57BR/cdJ,m,0667M38T,79,103,24,85
C57BR/cdJ,m,0667M39T,80,107,27,86
C57L/J,f,0668F01T,37,106,69,92
C57L/J,f,0668F02T,44,79,35,60
C57L/J,f,0668F05T,42.1,77,34.9,76
C57L/J,f,0668F06T,48.6,69,20.4,59
C57L/J,f,0668F07T,45.4,53,7.6,70
C57L/J,f,0668F08T,36,67,31,82
C57L/J,f,0668F09T,52.9,66,13.1,66
C57L/J,f,0668F10T,45,90,45,91
C57L/J,f,0668F11T,41,76,35,82
C57L/J,f,0668F12T,46,97,51,101
C57L/J,f,0668F13T,42,98,56,75
C57L/J,f,0668F14T,56,104,48,99
C57L/J,f,0668F71T,30,74,44,75
C57L/J,f,0668F72T,31,86,55,72
C57L/J,f,0668F73T,40,82,42,85
C57L/J,m,0668M01T,16.2,50,33.8,89
C57L/J,m,0668M02T,10.4,47,36.6,50
C57L/J,m,0668M03T,11.6,50,38.4,75
C57L/J,m,0668M04T,53.4,,,
C57L/J,m,0668M05T,67.3,,,
C57L/J,m,0668M06T,67.3,,,
C57L/J,m,0668M07T,18.6,,,
C57L/J,m,0668M08T,55.7,75,19.3,67
C57L/J,m,0668M09T,41.8,,,
C57L/J,m,0668M10T,73.1,54,0,62
C57L/J,m,0668M30T,61,71,10,73
C57L/J,m,0668M31T,68,79,11,96
C57L/J,m,0668M32T,63,79,16,105
C57L/J,m,0668M33T,58,94,36,115
C57L/J,m,0668M34T,57,102,45,132
C57L/J,m,0668M35T,66,82,16,93
C57L/J,m,0668M74T,41,58,17,39
C57L/J,m,0668M75T,47,52,5,
C57L/J,m,0668M76T,52,67,15,48
C57L/J,m,0668M77T,43,33,0,
C57L/J,m,0668M79T,28,101,73,72
C57L/J,m,0668M88T,26,,,
C58/J,f,0669F40T,72,91,19,48
C58/J,f,0669F42T,67,91,24,66
C58/J,f,0669F43T,72,88,16,74
C58/J,f,0669F44T,63,86,23,83
C58/J,f,0669F45T,57,84,27,71
C58/J,f,0669F46T,60,93,33,67
C58/J,f,0669F47T,58,81,23,56
C58/J,f,0669F48T,57,83,26,74
C58/J,f,0669F49T,49,76,27,53
C58/J,f,0669F50T,67,90,23,58
C58/J,m,0669M01T,34,88,54,92
C58/J,m,0669M03T,93,,,
C58/J,m,0669M06T,69.6,,,38
C58/J,m,0669M07T,83.5,,,49
C58/J,m,0669M08T,84.7,85,0.3,81
C58/J,m,0669M09T,45.2,76,30.8,76
C58/J,m,0669M10T,74.2,75,0.8,76
C58/J,m,0669M11T,110,,,
C58/J,m,0669M12T,61,105,44,84
C58/J,m,0669M13T,81,126,45,145
C58/J,m,0669M14T,,89,,85
C58/J,m,0669M15T,61,113,52,122
C58/J,m,0669M16T,69,103,34,103
C58/J,m,0669M40T,85,112,27,45
C58/J,m,0669M44T,76,99,23,133
C58/J,m,0669M45T,77,75,0,90
C58/J,m,0669M46T,81,81,0,61
C58/J,m,0669M47T,81,111,30,87
C58/J,m,0669M48T,48,94,46,119
C58/J,m,0669M49T,75,93,18,93
CAST/EiJ,f,0928F01T,41,63,22,63
CAST/EiJ,f,0928F02T,,55,,62
CAST/EiJ,f,0928F20T,29,,,112
CAST/EiJ,f,0928F21T,40,57,17,83
CAST/EiJ,f,0928F22T,33,58,25,
CAST/EiJ,f,0928F23T,38,59,21,81
CAST/EiJ,f,0928F24T,41,53,12,80
CAST/EiJ,f,0928F25T,36,52,16,82
CAST/EiJ,f,0928F26T,37,61,24,67
CAST/EiJ,f,0928F27T,34,53,19,72
CAST/EiJ,f,0928F28T,34,62,28,86
CAST/EiJ,f,0928F29T,40,55,15,57
CAST/EiJ,m,0928M01T,56.2,60,3.8,121
CAST/EiJ,m,0928M02T,53,,,609
CAST/EiJ,m,0928M03T,46,134,88,
CAST/EiJ,m,0928M30T,53,87,34,189
CAST/EiJ,m,0928M31T,59,111,52,323
CAST/EiJ,m,0928M32T,56,93,37,203
CAST/EiJ,m,0928M33T,52,87,35,97
CAST/EiJ,m,0928M34T,45,86,41,321
CAST/EiJ,m,0928M35T,54,75,21,329
CAST/EiJ,m,0928M36T,42,67,25,324
CAST/EiJ,m,0928M37T,53,94,41,128
CAST/EiJ,m,0928M38T,48,78,30,306
CAST/EiJ,m,0928M39T,45,67,22,229
CAST/EiJ,m,0928M40T,52,71,19,196
CBA/J,f,0656F40T,66,77,11,165
CBA/J,f,0656F41T,52,64,12,141
CBA/J,f,0656F42T,53,94,41,108
CBA/J,f,0656F43T,59,93,34,151
CBA/J,f,0656F44T,70,80,10,143
CBA/J,f,0656F45T,68,91,23,134
CBA/J,f,0656F46T,59,87,28,78
CBA/J,f,0656F47T,76,109,33,
CBA/J,f,0656F48T,79,82,3,146
CBA/J,f,0656F49T,58,67,9,92
CBA/J,m,0656M01T,,,,134
CBA/J,m,0656M02T,88,89,1,140
CBA/J,m,0656M03T,88,98,10,164
CBA/J,m,0656M04T,81,97,16,161
CBA/J,m,0656M05T,82,101,19,161
CBA/J,m,0656M06T,77,105,28,169
CBA/J,m,0656M07T,79,95,16,180
CBA/J,m,0656M08T,91,106,15,116
CBA/J,m,0656M09T,88,88,0,162
CBA/J,m,0656M10T,,,,142
CE/J,f,0657F01T,64,,,108
CE/J,f,0657F02T,47,,,
CE/J,f,0657F20T,44,73,29,54
CE/J,f,0657F21T,37,66,29,43
CE/J,f,0657F22T,41,70,29,40
CE/J,f,0657F23T,56,67,11,44
CE/J,f,0657F24T,74,76,2,70
CE/J,f,0657F25T,67,81,14,54
CE/J,f,0657F26T,78,92,14,65
CE/J,f,0657F27T,69,101,32,96
CE/J,f,0657F28T,71,71,0,67
CE/J,m,0657M08T,32.5,102,69.5,125
CE/J,m,0657M09T,15.1,92,76.9,136
CE/J,m,0657M10T,10.4,,,81
CE/J,m,0657M20T,88,128,40,105
CE/J,m,0657M21T,83,110,27,91
CE/J,m,0657M23T,80,92,12,50
CE/J,m,0657M24T,89,121,32,104
CE/J,m,0657M25T,91,131,40,165
CE/J,m,0657M36T,80,107,27,98
CE/J,m,0657M37T,97,114,17,103
CZECHII/EiJ,f,1144F25T,50,88,38,105
CZECHII/EiJ,f,1144F26T,55,113,58,139
CZECHII/EiJ,f,1144F27T,61,100,39,
CZECHII/EiJ,f,1144F28T,46,68,22,90
CZECHII/EiJ,f,1144F29T,54,93,39,89
CZECHII/EiJ,f,1144F30T,,103,,72
CZECHII/EiJ,f,1144F31T,48,66,18,90
CZECHII/EiJ,f,1144F32T,,54,,103
CZECHII/EiJ,f,1144F33T,57,63,6,51
CZECHII/EiJ,f,1144F34T,48,66,18,48
CZECHII/EiJ,f,1144F35T,39,55,16,49
CZECHII/EiJ,m,1144M25T,56,98,42,115
CZECHII/EiJ,m,1144M26T,53,81,28,88
CZECHII/EiJ,m,1144M27T,57,76,19,45
CZECHII/EiJ,m,1144M28T,61,,,122
CZECHII/EiJ,m,1144M29T,59,84,25,108
CZECHII/EiJ,m,1144M30T,61,86,25,50
CZECHII/EiJ,m,1144M31T,,73,,75
CZECHII/EiJ,m,1144M32T,,61,,28
CZECHII/EiJ,m,1144M33T,52,65,13,43
CZECHII/EiJ,m,1144M34T,55,70,15,
CZECHII/EiJ,m,1144M35T,57,78,21,82
CZECHII/EiJ,m,1144M36T,54,85,31,150
CZECHII/EiJ,m,1144M37T,58,69,11,49
DBA/1J,f,0670F01T,53.4,63,9.6,174
DBA/1J,f,0670F02T,44.1,43,0,151
DBA/1J,f,0670F03T,53.4,48,0,125
DBA/1J,f,0670F04T,34.8,53,18.2,150
DBA/1J,f,0670F05T,55.7,49,0,161
DBA/1J,f,0670F06T,,41,,139
DBA/1J,f,0670F07T,,44,,104
DBA/1J,f,0670F08T,53.4,53,0,192
DBA/1J,f,0670F09T,51,44,0,100
DBA/1J,f,0670F10T,,47,,127
DBA/1J,f,0670F21T,33,,,102
DBA/1J,m,0670M01T,82,,,108
DBA/1J,m,0670M02T,61,113,52,
DBA/1J,m,0670M03T,63,90,27,198
DBA/1J,m,0670M04T,54,88,34,159
DBA/1J,m,0670M05T,72,80,8,111
DBA/1J,m,0670M06T,72,90,18,129
DBA/1J,m,0670M07T,56,106,50,196
DBA/1J,m,0670M08T,44,97,53,112
DBA/1J,m,0670M09T,58.3,94,35.7,
DBA/1J,m,0670M10T,,89,,145
DBA/1J,m,0670M11T,72,93,21,110
DBA/1J,m,0670M12T,60,87,27,95
DBA/1J,m,0670M13T,67,87,20,118
DBA/1J,m,0670M14T,54,85,31,123
DBA/1J,m,0670M15T,63,113,50,120
DBA/1J,m,0670M79T,57,80,23,114
DBA/2J,f,0671F40T,35,57,22,234
DBA/2J,f,0671F41T,23,69,46,205
DBA/2J,f,0671F42T,37,57,20,229
DBA/2J,f,0671F43T,53,75,22,169
DBA/2J,f,0671F44T,31,63,32,299
DBA/2J,f,0671F45T,48,63,15,185
DBA/2J,f,0671F46T,49,,,194
DBA/2J,f,0671F47T,47,68,21,132
DBA/2J,f,0671F48T,47,68,21,192
DBA/2J,f,0671F49T,33,52,19,104
DBA/2J,m,0671M01T,69,109,40,193
DBA/2J,m,0671M02T,74,106,32,234
DBA/2J,m,0671M03T,84,125,41,271
DBA/2J,m,0671M04T,69,125,56,157
DBA/2J,m,0671M05T,79,110,31,192
DBA/2J,m,0671M30T,67,110,43,237
DBA/2J,m,0671M31T,78,,,275
DBA/2J,m,0671M32T,79,111,32,212
DBA/2J,m,0671M33T,70,107,37,162
DBA/2J,m,0671M34T,77,128,51,214
DBA/2J,m,0671M35T,74,140,66,193
DBA/2J,m,0671M36T,,124,,210
DBA/2J,m,0671M37T,86,121,35,269
FVB/NJ,f,1800F01T,117,144,27,144
FVB/NJ,f,1800F02T,101,161,60,184
FVB/NJ,f,1800F03T,103,129,26,78
FVB/NJ,f,1800F30T,108,166,58,200
FVB/NJ,f,1800F36T,98,111,13,72
FVB/NJ,f,1800F37T,99,125,26,130
FVB/NJ,f,1800F40T,88,111,23,169
FVB/NJ,f,1800F41T,93,117,24,109
FVB/NJ,f,1800F42T,90,102,12,147
FVB/NJ,f,1800F43T,86,136,50,225
FVB/NJ,m,1800M01T,,158,,185
FVB/NJ,m,1800M02T,,,,133
FVB/NJ,m,1800M03T,122,,,
FVB/NJ,m,1800M04T,138,194,56,150
FVB/NJ,m,1800M05T,105,139,34,90
FVB/NJ,m,1800M06T,141,152,11,142
FVB/NJ,m,1800M07T,112,145,33,95
FVB/NJ,m,1800M08T,123,141,18,97
FVB/NJ,m,1800M09T,137,144,7,61
FVB/NJ,m,1800M10T,125,156,31,91
FVB/NJ,m,1800M31T,136,162,26,149
FVB/NJ,m,1800M32T,136,205,69,105
FVB/NJ,m,1800M33T,136,180,44,139
FVB/NJ,m,1800M34T,129,197,68,134
FVB/NJ,m,1800M35T,147,183,36,
FVB/NJ,m,1800M72T,,172,,93
I/LnJ,f,0674F01T,24,49,25,36
I/LnJ,f,0674F02T,30.2,44,13.8,66
I/LnJ,f,0674F03T,33,73,40,58
I/LnJ,f,0674F04T,40,,,
I/LnJ,f,0674F05T,33,54,21,46
I/LnJ,f,0674F06T,31.3,43,11.7,46
I/LnJ,f,0674F21T,37,59,22,56
I/LnJ,f,0674F22T,45,71,26,
I/LnJ,f,0674F23T,40,59,19,26
I/LnJ,f,0674F24T,27,46,19,21
I/LnJ,f,0674F25T,31,60,29,48
I/LnJ,f,0674F26T,36,57,21,28
I/LnJ,m,0674M01T,61,71,10,51
I/LnJ,m,0674M02T,63,81,18,104
I/LnJ,m,0674M03T,62,96,34,136
I/LnJ,m,0674M04T,51,69,18,74
I/LnJ,m,0674M05T,61,89,28,96
I/LnJ,m,0674M06T,78,109,31,67
I/LnJ,m,0674M07T,66,81,15,62
I/LnJ,m,0674M08T,60,95,35,77
I/LnJ,m,0674M09T,53,86,33,91
I/LnJ,m,0674M10T,82.1,84,1.9,87
I/LnJ,m,0674M20T,39,53,14,28
I/LnJ,m,0674M21T,50,66,16,29
I/LnJ,m,0674M22T,41,70,29,29
JF1/MsJ,f,3720F01T,60.5,,,147
JF1/MsJ,f,3720F02T,,63,,183
JF1/MsJ,f,3720F03T,48.6,51,2.4,132
JF1/MsJ,f,3720F04T,51.8,44,0,137
JF1/MsJ,f,3720F05T,42.1,45,2.9,76
JF1/MsJ,f,3720F06T,42.1,64,21.9,144
JF1/MsJ,f,3720F07T,45.4,64,18.6,139
JF1/MsJ,f,3720F08T,38.9,66,27.1,69
JF1/MsJ,f,3720F30T,61,79,18,147
JF1/MsJ,m,3720M01T,64,88,24,144
JF1/MsJ,m,3720M02T,,101,,167
JF1/MsJ,m,3720M03T,54,,,206
JF1/MsJ,m,3720M04T,54,95,41,249
JF1/MsJ,m,3720M05T,65,91,26,183
JF1/MsJ,m,3720M06T,49,96,47,210
JF1/MsJ,m,3720M07T,52,100,48,212
JF1/MsJ,m,3720M08T,61,95,34,170
JF1/MsJ,m,3720M09T,57,83,26,164
JF1/MsJ,m,3720M11T,64,83,19,116
JF1/MsJ,m,3720M12T,62,102,40,154
JF1/MsJ,m,3720M71T,55,,,
KK/HlJ,f,2106F30T,145,163,18,112
KK/HlJ,f,2106F31T,154,202,48,153
KK/HlJ,f,2106F32T,140,137,0,84
KK/HlJ,f,2106F33T,148,165,17,118
KK/HlJ,f,2106F34T,135,146,11,96
KK/HlJ,f,2106F35T,164,170,6,107
KK/HlJ,f,2106F36T,153,186,33,129
KK/HlJ,f,2106F37T,145,143,0,117
KK/HlJ,f,2106F38T,142,145,3,97
KK/HlJ,m,2106M22T,,258,,303
KK/HlJ,m,2106M30T,141,177,36,186
KK/HlJ,m,2106M31T,160,267,107,188
KK/HlJ,m,2106M32T,148,221,73,249
KK/HlJ,m,2106M33T,158,245,87,270
KK/HlJ,m,2106M60T,156,162,6,198
KK/HlJ,m,2106M61T,128,149,21,175
KK/HlJ,m,2106M62T,141,158,17,215
KK/HlJ,m,2106M63T,161,178,17,228
KK/HlJ,m,2106M64T,107,145,38,148
KK/HlJ,m,2106M65T,69,84,15,
LP/J,f,0676F04T,9,94,85,48
LP/J,f,0676F05T,,86,,96
LP/J,f,0676F06T,45,66,21,68
LP/J,f,0676F07T,17,69,52,63
LP/J,f,0676F08T,18,130,112,142
LP/J,f,0676F09T,16,107,91,94
LP/J,f,0676F10T,52,124,72,63
LP/J,f,0676F30T,71,86,15,62
LP/J,f,0676F31T,87,113,26,77
LP/J,f,0676F32T,79,103,24,82
LP/J,f,0676F33T,74,91,17,121
LP/J,f,0676F34T,85,126,41,126
LP/J,f,0676F35T,67,84,17,121
LP/J,f,0676F36T,86,113,27,
LP/J,f,0676F37T,69,106,37,67
LP/J,f,0676F38T,86,,,115
LP/J,f,0676F39T,64,64,0,76
LP/J,m,0676M05T,85.8,,,82
LP/J,m,0676M06T,,,,138
LP/J,m,0676M07T,78.9,,,112
LP/J,m,0676M08T,98,127,29,137
LP/J,m,0676M09T,12.8,33,20.2,65
LP/J,m,0676M10T,46,77,31,99
LP/J,m,0676M11T,108,92,0,83
LP/J,m,0676M12T,47.6,94,46.4,64
LP/J,m,0676M13T,,85,,73
LP/J,m,0676M14T,94,127,33,64
LP/J,m,0676M71T,,79,,111
MA/MyJ,f,0677F01T,79.9,164,84.1,148
MA/MyJ,f,0677F02T,86.4,,,205
MA/MyJ,f,0677F03T,,121,,
MA/MyJ,f,0677F04T,68,106,38,137
MA/MyJ,f,0677F20T,79,108,29,73
MA/MyJ,f,0677F21T,71,94,23,104
MA/MyJ,f,0677F22T,83,108,25,68
MA/MyJ,f,0677F23T,84,116,32,80
MA/MyJ,f,0677F24T,64,96,32,66
MA/MyJ,f,0677F25T,72,113,41,100
MA/MyJ,f,0677F26T,77,96,19,90
MA/MyJ,m,0677M01T,103,,,
MA/MyJ,m,0677M05T,113,166,53,190
MA/MyJ,m,0677M06T,151,169,18,137
MA/MyJ,m,0677M07T,153,174,21,169
MA/MyJ,m,0677M08T,134,161,27,154
MA/MyJ,m,0677M09T,125,176,51,190
MA/MyJ,m,0677M20T,85,,,67
MA/MyJ,m,0677M21T,91,132,41,134
MA/MyJ,m,0677M22T,91,139,48,127
MA/MyJ,m,0677M23T,95,141,46,104
MA/MyJ,m,0677M70T,115,149,34,184
MOLF/EiJ,f,0550F23T,40,92,52,115
MOLF/EiJ,f,0550F24T,48,89,41,80
MOLF/EiJ,f,0550F25T,45,108,63,112
MOLF/EiJ,f,0550F26T,55,87,32,88
MOLF/EiJ,f,0550F27T,47,96,49,76
MOLF/EiJ,f,0550F28T,56,92,36,80
MOLF/EiJ,f,0550F29T,59,90,31,72
MOLF/EiJ,f,0550F30T,44,113,69,82
MOLF/EiJ,f,0550F32T,,91,,114
MOLF/EiJ,f,0550F33T,50,89,39,
MOLF/EiJ,f,0550F34T,50,84,34,106
MOLF/EiJ,f,0550F35T,39,65,26,
MOLF/EiJ,f,0550F36T,47,81,34,60
MOLF/EiJ,f,0550F81T,59,62,3,82
MOLF/EiJ,m,0550M23T,71,93,22,132
MOLF/EiJ,m,0550M24T,56,108,52,140
MOLF/EiJ,m,0550M25T,56,91,35,91
MOLF/EiJ,m,0550M27T,63,97,34,75
MOLF/EiJ,m,0550M28T,48,75,27,37
MOLF/EiJ,m,0550M29T,56,86,30,62
MOLF/EiJ,m,0550M31T,42,71,29,123
MOLF/EiJ,m,0550M33T,58,72,14,110
MOLF/EiJ,m,0550M34T,50,83,33,100
MOLF/EiJ,m,0550M35T,74,89,15,128
MOLF/EiJ,m,0550M36T,57,,,
MOLF/EiJ,m,0550M37T,57,53,0,
MOLF/EiJ,m,0550M38T,44,55,11,38
MOLF/EiJ,m,0550M75T,41,91,50,84
MOLF/EiJ,m,0550M82T,55,57,2,
MSM/MsJ,f,3719F02T,99.4,93,0,80
MSM/MsJ,f,3719F03T,70.2,85,14.8,91
MSM/MsJ,f,3719F04T,78.8,77,0,83
MSM/MsJ,f,3719F06T,47.5,94,46.5,77
MSM/MsJ,f,3719F09T,71.3,101,29.7,102
MSM/MsJ,f,3719F10T,82.1,86,3.9,99
MSM/MsJ,f,3719F40T,79,83,4,68
MSM/MsJ,f,3719F43T,99,,,93
MSM/MsJ,f,3719F44T,58,92,34,
MSM/MsJ,f,3719F45T,64,79,15,84
MSM/MsJ,f,3719F46T,73,97,24,70
MSM/MsJ,f,3719F48T,59,76,17,87
MSM/MsJ,m,3719M02T,72.4,102,29.6,186
MSM/MsJ,m,3719M03T,83.2,60,0,63
MSM/MsJ,m,3719M04T,85.3,103,17.7,177
MSM/MsJ,m,3719M05T,57.2,61,3.8,167
MSM/MsJ,m,3719M06T,56.2,76,19.8,157
MSM/MsJ,m,3719M07T,71.3,73,1.7,58
MSM/MsJ,m,3719M08T,64.8,,,150
MSM/MsJ,m,3719M10T,71.3,84,12.7,51
MSM/MsJ,m,3719M13T,69,88,19,163
MSM/MsJ,m,3719M14T,59.4,65,5.6,135
MSM/MsJ,m,3719M15T,73.4,75,1.6,146
MSM/MsJ,m,3719M16T,75.6,65,0,97
NOD/ShiLtJ,f,1976F01T,58.3,82,23.7,85
NOD/ShiLtJ,f,1976F02T,45.4,79,33.6,115
NOD/ShiLtJ,f,1976F03T,69.1,72,2.9,80
NOD/ShiLtJ,f,1976F04T,59.4,,,129
NOD/ShiLtJ,f,1976F05T,71.3,102,30.7,116
NOD/ShiLtJ,f,1976F06T,95,88,0,109
NOD/ShiLtJ,f,1976F07T,70.2,97,26.8,83
NOD/ShiLtJ,f,1976F08T,76.7,89,12.3,
NOD/ShiLtJ,f,1976F09T,69.1,65,0,87
NOD/ShiLtJ,f,1976F10T,77.8,94,16.2,113
NOD/ShiLtJ,m,1976M01T,114,128,14,104
NOD/ShiLtJ,m,1976M02T,,101,,140
NOD/ShiLtJ,m,1976M03T,87,120,33,139
NOD/ShiLtJ,m,1976M04T,95,130,35,131
NOD/ShiLtJ,m,1976M05T,81,118,37,104
NOD/ShiLtJ,m,1976M06T,91,122,31,103
NOD/ShiLtJ,m,1976M07T,82,108,26,103
NOD/ShiLtJ,m,1976M08T,96,113,17,103
NOD/ShiLtJ,m,1976M09T,69,137,68,99
NOD/ShiLtJ,m,1976M10T,91,123,32,150
NOD/ShiLtJ,m,1976M31T,93,94,1,85
NOD/ShiLtJ,m,1976M32T,87,97,10,85
NOD/ShiLtJ,m,1976M33T,,96,,68
NOD/ShiLtJ,m,1976M34T,64,84,20,67
NOD/ShiLtJ,m,1976M35T,76,104,28,126
NOD/ShiLtJ,m,1976M36T,74,106,32,103
NOD/ShiLtJ,m,1976M37T,98,126,28,139
NOD/ShiLtJ,m,1976M38T,103,79,0,96
NOD/ShiLtJ,m,1976M39T,90,122,32,121
NOD/ShiLtJ,m,1976M40T,72,98,26,80
NON/ShiLtJ,f,2423F11T,66,116,50,138
NON/ShiLtJ,f,2423F12T,71,103,32,200
NON/ShiLtJ,f,2423F13T,58,106,48,233
NON/ShiLtJ,f,2423F14T,77,113,36,250
NON/ShiLtJ,f,2423F15T,72,89,17,171
NON/ShiLtJ,f,2423F16T,57,115,58,283
NON/ShiLtJ,f,2423F40T,90,108,18,170
NON/ShiLtJ,f,2423F41T,74,116,42,212
NON/ShiLtJ,f,2423F42T,78,98,20,236
NON/ShiLtJ,f,2423F43T,73,99,26,228
NON/ShiLtJ,m,2423M11T,98.6,165,66.4,420
NON/ShiLtJ,m,2423M12T,54.5,135,80.5,345
NON/ShiLtJ,m,2423M13T,,145,,398
NON/ShiLtJ,m,2423M14T,90,159,69,373
NON/ShiLtJ,m,2423M23T,108,154,46,427
NON/ShiLtJ,m,2423M29T,98,121,23,
NON/ShiLtJ,m,2423M33T,140,166,26,424
NON/ShiLtJ,m,2423M34T,119,154,35,253
NON/ShiLtJ,m,2423M35T,120,144,24,321
NON/ShiLtJ,m,2423M36T,106,156,50,358
NON/ShiLtJ,m,2423M37T,125,167,42,320
NON/ShiLtJ,m,2423M38T,111,,,490
NON/ShiLtJ,m,2423M39T,117,149,32,375
NON/ShiLtJ,m,2423M40T,117,182,65,335
NON/ShiLtJ,m,2423M41T,124,164,40,308
NZB/BlNJ,f,0684F02T,86.4,131,44.6,39
NZB/BlNJ,f,0684F30T,,,,71
NZB/BlNJ,f,0684F40T,105,159,54,54
NZB/BlNJ,f,0684F41T,124,145,21,68
NZB/BlNJ,f,0684F42T,132,184,52,41
NZB/BlNJ,f,0684F43T,127,153,26,71
NZB/BlNJ,f,0684F44T,106,164,58,60
NZB/BlNJ,f,0684F45T,109,183,74,64
NZB/BlNJ,f,0684F46T,92,135,43,
NZB/BlNJ,f,0684F47T,116,170,54,63
NZB/BlNJ,f,0684F48T,120,193,73,66
NZB/BlNJ,f,0684F49T,92,122,30,52
NZB/BlNJ,m,0684M01T,116,190,74,144
NZB/BlNJ,m,0684M02T,146,149,3,121
NZB/BlNJ,m,0684M03T,152,207,55,161
NZB/BlNJ,m,0684M04T,136,187,51,144
NZB/BlNJ,m,0684M05T,127,141,14,165
NZB/BlNJ,m,0684M06T,174,175,1,140
NZB/BlNJ,m,0684M07T,153,165,12,162
NZB/BlNJ,m,0684M08T,,227,,
NZB/BlNJ,m,0684M09T,165,262,97,211
NZB/BlNJ,m,0684M10T,114,214,100,184
NZW/LacJ,f,1058F01T,,85,,91
NZW/LacJ,f,1058F02T,,88,,78
NZW/LacJ,f,1058F03T,,87,,70
NZW/LacJ,f,1058F04T,,95,,
NZW/LacJ,f,1058F05T,,90,,
NZW/LacJ,f,1058F06T,,86,,74
NZW/LacJ,f,1058F07T,104,104,0,103
NZW/LacJ,f,1058F08T,131,120,0,92
NZW/LacJ,f,1058F09T,109,137,28,75
NZW/LacJ,f,1058F10T,118,150,32,89
NZW/LacJ,f,1058F11T,85,127,42,93
NZW/LacJ,f,1058F12T,125,152,27,87
NZW/LacJ,m,1058M01T,114,131,17,154
NZW/LacJ,m,1058M02T,110,122,12,121
NZW/LacJ,m,1058M03T,132,143,11,140
NZW/LacJ,m,1058M04T,120,155,35,151
NZW/LacJ,m,1058M05T,104,131,27,121
NZW/LacJ,m,1058M06T,128,137,9,151
NZW/LacJ,m,1058M07T,136,152,16,132
NZW/LacJ,m,1058M08T,121,146,25,181
NZW/LacJ,m,1058M09T,121,124,3,132
NZW/LacJ,m,1058M10T,99,147,48,
PERA/EiJ,f,0930F24T,38,54,16,48
PERA/EiJ,f,0930F25T,43,52,9,58
PERA/EiJ,f,0930F26T,54,79,25,78
PERA/EiJ,f,0930F27T,47,96,49,67
PERA/EiJ,f,0930F28T,49,69,20,69
PERA/EiJ,f,0930F29T,53,74,21,77
PERA/EiJ,f,0930F37T,37,54,17,51
PERA/EiJ,f,0930F38T,57,68,11,59
PERA/EiJ,m,0930M21T,63,68,5,73
PERA/EiJ,m,0930M22T,50,62,12,71
PERA/EiJ,m,0930M23T,48,64,16,69
PERA/EiJ,m,0930M24T,41,59,18,54
PERA/EiJ,m,0930M25T,56,,,
PERA/EiJ,m,0930M26T,56,74,18,60
PERA/EiJ,m,0930M27T,26,75,49,79
PERA/EiJ,m,0930M28T,46,74,28,82
PERA/EiJ,m,0930M29T,40,58,18,55
PL/J,f,0680F01T,51,71,20,76
PL/J,f,0680F02T,61,80,19,125
PL/J,f,0680F03T,30,61,31,111
PL/J,f,0680F04T,,56,,71
PL/J,f,0680F05T,89.3,47,0,88
PL/J,f,0680F06T,80,28,0,37
PL/J,f,0680F07T,46.4,71,24.6,146
PL/J,f,0680F08T,83,70,0,100
PL/J,f,0680F09T,74.2,65,0,77
PL/J,f,0680F10T,68.4,60,0,102
PL/J,f,0680F11T,,33,,138
PL/J,f,0680F12T,,18,,
PL/J,f,0680F13T,65,124,59,273
PL/J,f,0680F14T,56,,,
PL/J,f,0680F16T,59,94,35,213
PL/J,f,0680F17T,51,113,62,159
PL/J,f,0680F18T,52,94,42,181
PL/J,f,0680F20T,52,77,25,131
PL/J,f,0680F21T,46,86,40,190
PL/J,f,0680F22T,47,97,50,96
PL/J,f,0680F23T,49,102,53,183
PL/J,f,0680F24T,49,111,62,59
PL/J,f,0680F25T,45,79,34,157
PL/J,f,0680F26T,42,90,48,163
PL/J,f,0680F27T,45,103,58,268
PL/J,f,0680F76T,43,79,36,163
PL/J,f,0680F81T,,,,161
PL/J,m,0680M01T,92.8,,,247
PL/J,m,0680M02T,,,,234
PL/J,m,0680M03T,87,,,196
PL/J,m,0680M04T,82.4,,,203
PL/J,m,0680M05T,85.8,,,109
PL/J,m,0680M06T,95.1,,,209
PL/J,m,0680M07T,88.2,,,138
PL/J,m,0680M08T,102,,,224
PL/J,m,0680M09T,97.4,,,255
PL/J,m,0680M10T,,,,232
PL/J,m,0680M23T,89,119,30,210
PL/J,m,0680M50T,,109,,100
PL/J,m,0680M51T,79,93,14,137
PL/J,m,0680M52T,72,119,47,203
PL/J,m,0680M59T,68,97,29,134
PL/J,m,0680M60T,79,97,18,167
PL/J,m,0680M61T,82,110,28,186
PL/J,m,0680M63T,71,115,44,189
PL/J,m,0680M64T,86,129,43,227
PL/J,m,0680M65T,86,,,236
PL/J,m,0680M72T,88.2,72,0,156
PL/J,m,0680M79T,,62,,159
PL/J,m,0680M80T,85.8,82,0,177
PWK/PhJ,f,3715F08T,41,80,39,55
PWK/PhJ,f,3715F60T,49,77,28,118
PWK/PhJ,f,3715F61T,35,78,43,157
PWK/PhJ,f,3715F62T,61,88,27,123
PWK/PhJ,f,3715F63T,44,75,31,108
PWK/PhJ,f,3715F64T,50,87,37,141
PWK/PhJ,f,3715F65T,48,66,18,106
PWK/PhJ,f,3715F66T,51,82,31,174
PWK/PhJ,f,3715F67T,41,73,32,119
PWK/PhJ,f,3715F68T,52,86,34,80
PWK/PhJ,f,3715F69T,51,,,64
PWK/PhJ,m,3715M01T,53,77,24,192
PWK/PhJ,m,3715M02T,44,83,39,151
PWK/PhJ,m,3715M03T,48,78,30,166
PWK/PhJ,m,3715M04T,49,82,33,243
PWK/PhJ,m,3715M05T,45,85,40,199
PWK/PhJ,m,3715M06T,64,,,218
PWK/PhJ,m,3715M07T,40,102,62,213
PWK/PhJ,m,3715M08T,48,74,26,172
PWK/PhJ,m,3715M09T,52,76,24,129
PWK/PhJ,m,3715M10T,63,70,7,137
PWK/PhJ,m,3715M11T,47,65,18,97
PWK/PhJ,m,3715M12T,54,81,27,90
PWK/PhJ,m,3715M18T,57,75,18,107
RF/J,f,0682F01T,65,,,159
RF/J,f,0682F03T,69.6,52,0,114
RF/J,f,0682F04T,,56,,133
RF/J,f,0682F05T,89.3,,,190
RF/J,f,0682F06T,81.2,,,170
RF/J,f,0682F07T,67.3,,,
RF/J,f,0682F08T,67.3,,,185
RF/J,f,0682F09T,,56,,152
RF/J,f,0682F10T,75.4,57,0,135
RF/J,f,0682F32T,59,84,25,138
RF/J,f,0682F33T,77,98,21,113
RF/J,f,0682F34T,85,89,4,109
RF/J,f,0682F35T,80,95,15,112
RF/J,f,0682F36T,74,95,21,141
RF/J,f,0682F37T,79,90,11,95
RF/J,f,0682F38T,73,91,18,131
RF/J,f,0682F39T,70,93,23,105
RF/J,f,0682F71T,49,83,34,129
RF/J,f,0682F72T,,55,,145
RF/J,f,0682F75T,,55,,80
RF/J,f,0682F76T,,55,,111
RF/J,f,0682F77T,,36,,128
RF/J,f,0682F78T,,47,,139
RF/J,m,0682M01T,76.6,,,131
RF/J,m,0682M02T,81.2,,,183
RF/J,m,0682M03T,74.2,,,122
RF/J,m,0682M04T,87,,,190
RF/J,m,0682M07T,92,155,63,148
RF/J,m,0682M08T,99,151,52,211
RF/J,m,0682M09T,122,173,51,212
RF/J,m,0682M10T,113,150,37,158
RF/J,m,0682M30T,89,108,19,132
RF/J,m,0682M31T,97,133,36,210
RF/J,m,0682M32T,93,120,27,111
RF/J,m,0682M33T,116,129,13,215
RF/J,m,0682M34T,113,126,13,177
RF/J,m,0682M35T,114,134,20,190
RF/J,m,0682M36T,86,115,29,218
RF/J,m,0682M37T,102,120,18,181
RF/J,m,0682M38T,87,111,24,183
RF/J,m,0682M39T,91,108,17,249
RF/J,m,0682M40T,75,99,24,97
RF/J,m,0682M71T,,,,86
RF/J,m,0682M85T,94,118,24,171
RIIIS/J,f,0683F09T,,58,,106
RIIIS/J,f,0683F10T,,59,,106
RIIIS/J,f,0683F11T,34,52,18,165
RIIIS/J,f,0683F12T,31,50,19,113
RIIIS/J,f,0683F25T,39,64,25,151
RIIIS/J,f,0683F27T,42,,,158
RIIIS/J,f,0683F28T,38,61,23,99
RIIIS/J,f,0683F29T,45,58,13,127
RIIIS/J,f,0683F30T,45,52,7,116
RIIIS/J,f,0683F31T,41,52,11,66
RIIIS/J,f,0683F32T,43,51,8,111
RIIIS/J,f,0683F33T,33,41,8,79
RIIIS/J,f,0683F34T,35,45,10,122
RIIIS/J,m,0683M08T,47.6,48,0.4,165
RIIIS/J,m,0683M09T,41.8,,,158
RIIIS/J,m,0683M10T,51,52,1,
RIIIS/J,m,0683M11T,,,,124
RIIIS/J,m,0683M12T,,64,,147
RIIIS/J,m,0683M30T,54,54,0,110
RIIIS/J,m,0683M31T,60,64,4,123
RIIIS/J,m,0683M32T,49,59,10,99
RIIIS/J,m,0683M33T,,,,92
RIIIS/J,m,0683M34T,60,56,0,116
RIIIS/J,m,0683M35T,32,43,11,82
RIIIS/J,m,0683M36T,57,67,10,109
RIIIS/J,m,0683M37T,38,48,10,86
RIIIS/J,m,0683M38T,44,49,5,117
RIIIS/J,m,0683M39T,59,56,0,114
RIIIS/J,m,0683M40T,55,51,0,109
SEA/GnJ,f,0644F01T,49,82,33,98
SEA/GnJ,f,0644F02T,36,78,42,92
SEA/GnJ,f,0644F04T,52,84,32,141
SEA/GnJ,f,0644F05T,40,,,134
SEA/GnJ,f,0644F06T,45,77,32,134
SEA/GnJ,f,0644F07T,54,67,13,111
SEA/GnJ,f,0644F09T,49,79,30,128
SEA/GnJ,f,0644F10T,52,67,15,94
SEA/GnJ,m,0644M01T,78,85,7,138
SEA/GnJ,m,0644M02T,90,114,24,177
SEA/GnJ,m,0644M03T,73,109,36,178
SEA/GnJ,m,0644M04T,66,99,33,144
SEA/GnJ,m,0644M06T,71,87,16,124
SEA/GnJ,m,0644M07T,68,106,38,68
SEA/GnJ,m,0644M08T,75,91,16,80
SEA/GnJ,m,0644M09T,91,149,58,145
SEA/GnJ,m,0644M10T,92,81,0,118
SEA/GnJ,m,0644M80T,94,149,55,155
SJL/J,f,0686F26T,39,66,27,
SJL/J,f,0686F30T,37,64,27,95
SJL/J,f,0686F31T,41,61,20,67
SJL/J,f,0686F32T,39,55,16,89
SJL/J,f,0686F33T,33,61,28,111
SJL/J,f,0686F34T,35,,,124
SJL/J,f,0686F35T,34,71,37,85
SJL/J,f,0686F36T,44,64,20,73
SJL/J,f,0686F37T,31,51,20,77
SJL/J,f,0686F38T,33,64,31,133
SJL/J,m,0686M20T,54,96,42,103
SJL/J,m,0686M21T,63,87,24,148
SJL/J,m,0686M22T,,96,,89
SJL/J,m,0686M23T,64,100,36,105
SJL/J,m,0686M25T,53,90,37,103
SJL/J,m,0686M26T,62,92,30,82
SJL/J,m,0686M27T,65,,,127
SJL/J,m,0686M40T,58,78,20,114
SJL/J,m,0686M41T,67,92,25,103
SJL/J,m,0686M42T,66,94,28,134
SM/J,f,0687F09T,49,44,0,124
SM/J,f,0687F10T,,,,98
SM/J,f,0687F31T,44,59,15,90
SM/J,f,0687F32T,48,61,13,72
SM/J,f,0687F33T,53,70,17,91
SM/J,f,0687F34T,56,58,2,100
SM/J,f,0687F35T,50,63,13,122
SM/J,f,0687F36T,62,82,20,148
SM/J,f,0687F37T,48,64,16,120
SM/J,f,0687F38T,44,65,21,136
SM/J,f,0687F71T,56,72,16,157
SM/J,f,0687F72T,42,65,23,132
SM/J,f,0687F73T,49,82,33,133
SM/J,f,0687F74T,42,69,27,92
SM/J,m,0687M35T,64,98,34,113
SM/J,m,0687M36T,74,79,5,164
SM/J,m,0687M37T,60,72,12,138
SM/J,m,0687M38T,69,95,26,114
SM/J,m,0687M39T,74,82,8,80
SM/J,m,0687M40T,73,93,20,183
SM/J,m,0687M41T,71,101,30,289
SM/J,m,0687M42T,68,85,17,230
SM/J,m,0687M43T,85,117,32,335
SM/J,m,0687M44T,69,108,39,227
SM/J,m,0687M45T,79,98,19,250
SPRET/EiJ,f,1146F01T,113,124,11,84
SPRET/EiJ,f,1146F02T,111,104,0,97
SPRET/EiJ,f,1146F03T,113,118,5,89
SPRET/EiJ,f,1146F04T,93,115,22,88
SPRET/EiJ,f,1146F05T,82,79,0,118
SPRET/EiJ,f,1146F06T,94,102,8,79
SPRET/EiJ,f,1146F07T,109,117,8,
SPRET/EiJ,f,1146F08T,94,102,8,103
SPRET/EiJ,f,1146F09T,96,95,0,116
SPRET/EiJ,f,1146F10T,114,135,21,105
SPRET/EiJ,f,1146F11T,92,98,6,64
SPRET/EiJ,m,1146M01T,132,119,0,64
SPRET/EiJ,m,1146M02T,115,143,28,142
SPRET/EiJ,m,1146M03T,118,116,0,105
SPRET/EiJ,m,1146M04T,130,132,2,148
SPRET/EiJ,m,1146M05T,132,133,1,111
SPRET/EiJ,m,1146M06T,152,143,0,102
SPRET/EiJ,m,1146M07T,132,142,10,113
SPRET/EiJ,m,1146M08T,100,120,20,78
SPRET/EiJ,m,1146M09T,132,150,18,131
SPRET/EiJ,m,1146M10T,127,139,12,95
SWR/J,f,0689F01T,60,46,0,146
SWR/J,f,0689F02T,28,97,69,133
SWR/J,f,0689F03T,20,124,104,141
SWR/J,f,0689F05T,48,89,41,140
SWR/J,f,0689F07T,46,70,24,146
SWR/J,f,0689F08T,53,95,42,107
SWR/J,f,0689F09T,41,81,40,154
SWR/J,f,0689F10T,43,77,34,137
SWR/J,f,0689F15T,66,134,68,
SWR/J,f,0689F38T,35,85,50,166
SWR/J,m,0689M01T,44,94,50,147
SWR/J,m,0689M02T,60,116,56,108
SWR/J,m,0689M03T,70,115,45,146
SWR/J,m,0689M04T,64,121,57,209
SWR/J,m,0689M05T,64,95,31,143
SWR/J,m,0689M06T,96,141,45,155
SWR/J,m,0689M07T,73,119,46,243
SWR/J,m,0689M08T,53,121,68,238
SWR/J,m,0689M09T,74,137,63,259
SWR/J,m,0689M10T,72,121,49,252
SWR/J,m,0689M11T,65,105,40,97
SWR/J,m,0689M12T,97,,,
SWR/J,m,0689M13T,72,121,49,116
SWR/J,m,0689M14T,72,113,41,169
SWR/J,m,0689M33T,,113,,149
SWR/J,m,0689M73T,81,,,
WSB/EiJ,f,1145F20T,67,73,6,64
WSB/EiJ,f,1145F21T,75,68,0,64
WSB/EiJ,f,1145F22T,75,73,0,48
WSB/EiJ,f,1145F23T,73,89,16,64
WSB/EiJ,f,1145F24T,68,74,6,56
WSB/EiJ,f,1145F25T,68,85,17,72
WSB/EiJ,f,1145F26T,70,67,0,66
WSB/EiJ,f,1145F27T,59,71,12,57
WSB/EiJ,f,1145F28T,65,68,3,
WSB/EiJ,f,1145F29T,81,,,94
WSB/EiJ,m,1145M20T,95,104,9,60
WSB/EiJ,m,1145M21T,112,118,6,68
WSB/EiJ,m,1145M22T,99,120,21,81
WSB/EiJ,m,1145M23T,106,119,13,67
WSB/EiJ,m,1145M24T,116,,,80
WSB/EiJ,m,1145M25T,105,116,11,68
WSB/EiJ,m,1145M26T,118,106,0,71
WSB/EiJ,m,1145M27T,100,132,32,75
WSB/EiJ,m,1145M28T,117,119,2,69
